,miss_M_pct,miss_F_pct,diff_FminusM,mean_miss
imm_hep_b_first_dose_given_site,100.0,40.29,-59.71,70.14
pa_moderate_recreation_minutes_day,70.44,69.49,-0.95,69.96
pa_moderate_recreation_days_wk,70.38,69.49,-0.89,69.94
insulin_pmoll,69.96,69.26,-0.7,69.61
ldl_cholesterol_mgdl,70.2,68.79,-1.41,69.5
cs_quinine_tongue_tip_taste,69.82,68.99,-0.83,69.4
cs_quinine_tongue_tip_grade,69.82,68.99,-0.83,69.4
pf_need_help_eating_dressing,67.94,70.75,2.81,69.34
cs_nacl_whole_mouth_grade,69.94,68.58,-1.36,69.26
cs_quinine_whole_mouth_grade,69.68,68.75,-0.93,69.22
cs_quinine_whole_mouth_taste,69.68,68.75,-0.93,69.22
apolipoprotein_b_gl,69.6,68.6,-1.0,69.1
triglycerides_mgdl,69.58,68.6,-0.98,69.09
smoke_work_exposure_days,65.94,71.44,5.5,68.69
rh_hormone_replacement_ever,100.0,37.1,-62.9,68.55
rh_had_period_12mo,100.0,37.05,-62.95,68.53
cs_nacl_whole_mouth_taste,69.1,67.69,-1.41,68.4
cs_salt_tongue_tip_grade,69.06,67.73,-1.33,68.4
cs_salt_tongue_tip_taste,69.06,67.73,-1.33,68.4
cs_nacl_tongue_tip_grade,69.1,67.67,-1.43,68.38
cs_nacl_tongue_tip_taste,69.1,67.67,-1.43,68.38
db_school_attendance,67.14,69.12,1.98,68.13
rh_age_first_menses,100.0,36.08,-63.92,68.04
shrimp_times_past30d,68.78,67.29,-1.49,68.04
tooth_04_sealant,66.56,69.24,2.68,67.9
tooth_02_sealant,66.56,69.24,2.68,67.9
tooth_03_sealant,66.56,69.24,2.68,67.9
tooth_12_sealant,66.56,69.24,2.68,67.9
tooth_05_sealant,66.56,69.24,2.68,67.9
tooth_18_sealant,66.56,69.24,2.68,67.9
tooth_31_sealant,66.56,69.24,2.68,67.9
tooth_30_sealant,66.56,69.24,2.68,67.9
tooth_29_sealant,66.56,69.24,2.68,67.9
tooth_28_sealant,66.56,69.24,2.68,67.9
tooth_21_sealant,66.56,69.24,2.68,67.9
tooth_20_sealant,66.56,69.24,2.68,67.9
tooth_19_sealant,66.56,69.24,2.68,67.9
tooth_15_sealant,66.56,69.24,2.68,67.9
tooth_14_sealant,66.56,69.24,2.68,67.9
tooth_13_sealant,66.56,69.24,2.68,67.9
tooth_10_sealant,66.56,69.24,2.68,67.9
tooth_07_sealant,66.56,69.24,2.68,67.9
skin_freckles,67.5,68.23,0.73,67.87
sub_fasting_weight,67.9,66.69,-1.21,67.3
fs_hh_ate_less_12mo,67.52,67.07,-0.45,67.29
fs_hh_cut_meals_12mo,67.52,67.07,-0.45,67.29
fs_hh_hungry_not_eat_12mo,67.52,67.07,-0.45,67.29
fs_hh_weight_loss_food_12mo,67.52,67.07,-0.45,67.29
occ_hours_worked_last_week,64.64,69.53,4.89,67.09
oh_worry_teeth_num,65.82,67.87,2.05,66.84
cs_phantom_taste,67.3,65.68,-1.62,66.49
cs_taste_duration,67.3,65.68,-1.62,66.49
cs_taste_loss_cause,67.3,65.66,-1.64,66.48
cs_taste_current,67.26,65.62,-1.64,66.44
oh_teeth_appearance_self,65.32,67.54,2.22,66.43
cs_self_report_taste_problem,67.22,65.58,-1.64,66.4
occ_class_worker,68.04,64.35,-3.69,66.19
occ_longest_job_years,63.52,68.72,5.2,66.12
occ_longest_kind_of_work,63.52,68.72,5.2,66.12
pf_difficulty_physical_activities,64.78,67.15,2.37,65.96
oh_worry_teeth_freq,64.78,67.15,2.37,65.96
sx_ever_genital_herpes,66.38,65.24,-1.14,65.81
sx_ever_genital_warts,66.38,65.24,-1.14,65.81
sx_ever_chlamydia_told,66.38,65.24,-1.14,65.81
sx_ever_trichomoniasis_told,66.38,65.24,-1.14,65.81
cs_smell_onion,66.44,64.42,-2.02,65.43
cs_smell_natural_gas,66.44,64.42,-2.02,65.43
cs_smell_grape,66.44,64.42,-2.02,65.43
cs_smell_soap,66.44,64.4,-2.04,65.42
cs_smell_leather,66.44,64.4,-2.04,65.42
cs_smell_smoke,66.44,64.35,-2.09,65.4
cs_smell_strawberry,66.42,64.33,-2.09,65.38
cs_smell_chocolate,66.42,64.29,-2.13,65.36
bmi_category_child,64.14,66.57,2.43,65.35
cs_taste_effort,66.3,64.21,-2.09,65.26
cs_self_report_smell_problem,66.22,63.9,-2.32,65.06
alc_days_drink_past_year_unit,62.78,66.53,3.75,64.66
alc_days_5plus_past_year_num,62.76,66.51,3.75,64.64
alc_avg_drinks_per_drinking_day,62.76,66.49,3.73,64.62
phq9_difficulty_doing_work,68.14,59.78,-8.36,63.96
hsv1_antibody,64.78,63.13,-1.65,63.96
oh_gentle_brush_days_per_week,66.74,61.0,-5.74,63.87
oh_rinse_days_per_week,66.74,61.0,-5.74,63.87
oh_floss_days_per_week,66.74,61.0,-5.74,63.87
drug_marijuana_ever,64.08,63.19,-0.89,63.64
cs_exam_status,64.92,62.24,-2.68,63.58
ec_mom_smoked_in_pregnancy,61.8,65.22,3.42,63.51
ec_age_mom_at_birth,61.8,65.22,3.42,63.51
ec_birth_weight_lb,61.8,65.22,3.42,63.51
fs_food_stamp_authorized,63.58,62.78,-0.8,63.18
lobsters_past30d,63.94,62.16,-1.78,63.05
crayfish_past30d,63.94,62.16,-1.78,63.05
clams_past30d,63.94,62.16,-1.78,63.05
mussels_past30d,63.94,62.16,-1.78,63.05
oysters_past30d,63.94,62.16,-1.78,63.05
scallops_past30d,63.94,62.16,-1.78,63.05
shrimp_past30d,63.94,62.16,-1.78,63.05
other_shellfish_past30d,63.94,62.16,-1.78,63.05
unknown_shellfish_past30d,63.94,62.16,-1.78,63.05
crabs_past30d,63.94,62.16,-1.78,63.05
osteo_spine_fracture_ever,63.88,61.18,-2.7,62.53
osteo_wrist_fracture_ever,63.88,61.18,-2.7,62.53
osteo_other_bone_fx_after_20,63.88,61.18,-2.7,62.53
cs_problem_caused_weight_gain,63.88,61.18,-2.7,62.53
osteo_told_osteoporosis_ever,63.88,61.18,-2.7,62.53
osteo_prednisone_month_or_more,63.88,61.18,-2.7,62.53
osteo_parent_osteoporosis,63.88,61.18,-2.7,62.53
cs_smell_problem_persisting,63.88,61.18,-2.7,62.53
osteo_mother_hip_fracture,63.88,61.18,-2.7,62.53
osteo_father_hip_fracture,63.88,61.18,-2.7,62.53
cs_smell_problem_past_12mo,63.88,61.18,-2.7,62.53
cs_taste_phantom_salt,63.88,61.18,-2.7,62.53
cs_smell_problem_better_current,63.88,61.18,-2.7,62.53
rx_used_alt_med_past_30d,63.88,61.18,-2.7,62.53
cs_inability_smell_smoke,63.88,61.18,-2.7,62.53
cs_inability_smell_gas_leak,63.88,61.18,-2.7,62.53
audio_hearing_aid_used,63.88,61.18,-2.7,62.53
cs_unable_detect_spoiled_food,63.88,61.18,-2.7,62.53
audio_hearing_difficulty,63.88,61.18,-2.7,62.53
cv_chest_pain_ever,63.88,61.18,-2.7,62.53
cs_smell_problem_cause_cold,63.88,61.18,-2.7,62.53
cs_reduced_enjoyment_food,63.88,61.18,-2.7,62.53
cv_shortness_of_breath,63.88,61.18,-2.7,62.53
cs_allergy_hay_fever,63.88,61.18,-2.7,62.53
osteo_hip_fracture_ever,63.88,61.18,-2.7,62.53
cs_taste_problem_persisting,63.88,61.18,-2.7,62.53
cs_taste_phantom_sweet,63.88,61.18,-2.7,62.53
cs_taste_phantom_sour,63.88,61.18,-2.7,62.53
cs_taste_phantom_bitter,63.88,61.18,-2.7,62.53
cs_problem_started_during_pregnancy,63.88,61.18,-2.7,62.53
cs_hit_head_past_12mo,63.88,61.18,-2.7,62.53
cs_head_injury_knocked_out,63.88,61.18,-2.7,62.53
cs_problem_during_pregnancy,63.88,61.18,-2.7,62.53
sun_protection_wear_long_sleeves,62.72,61.02,-1.7,61.87
sun_protection_wear_sunscreen,62.72,61.02,-1.7,61.87
hiv_combo_ab_ag,62.78,60.36,-2.42,61.57
skin_reaction_sun_hour,62.36,60.48,-1.88,61.42
sun_protection_stay_shade,62.36,60.48,-1.88,61.42
sun_burn_severity,62.36,60.48,-1.88,61.42
urine_trimethylarsine_ugl,61.18,59.11,-2.07,60.14
water_fluoride_mgl,57.95,61.41,3.46,59.68
wh_weight_10yr_ago_lb,60.44,57.46,-2.98,58.95
age_months_at_exam,56.87,60.27,3.4,58.57
pf_physical_health_impairs,58.46,57.62,-0.84,58.04
db_milk_age_12_17,57.51,58.35,0.84,57.93
db_milk_age_5_12,57.51,58.35,0.84,57.93
db_milk_age_child_1_5,57.51,58.35,0.84,57.93
sx_age_first_sex,58.54,57.1,-1.44,57.82
oh_implants_present,58.46,56.67,-1.79,57.56
bp_chol_ever_high,58.25,54.8,-3.45,56.52
alc_ever_5plus_per_day_most_days,53.81,58.12,4.31,55.96
alc_days_drink_past_year_num,53.79,58.1,4.31,55.94
sx_ever_had_sex,56.13,54.93,-1.2,55.53
drug_needle_inject_ever,56.07,54.74,-1.33,55.4
drug_cocaine_heroin_meth_ever,56.07,54.72,-1.35,55.4
bp_told_to_take_chol_meds,57.93,51.37,-6.56,54.65
bp_chol_told_high_time,57.93,51.37,-6.56,54.65
smoke_other_indoor_exposure,52.11,53.58,1.47,52.84
inc_family_savings_range,53.31,52.18,-1.13,52.74
oh_oral_cancer_exam_ever,54.23,51.22,-3.01,52.72
oh_self_rated_dental_appearance,54.23,51.22,-3.01,52.72
oh_mouth_pain_past_year,54.23,51.22,-3.01,52.72
oh_mouth_problem_anxious,54.23,51.22,-3.01,52.72
oh_mouth_problem_depressed,54.23,51.22,-3.01,52.72
oh_avoid_foods_due_mouth,54.23,51.22,-3.01,52.72
oh_mouth_problem_avoid_people,54.23,51.22,-3.01,52.72
oh_mouth_problem_embarrass,54.23,51.22,-3.01,52.72
oh_avoid_smile_mouth,54.23,51.22,-3.01,52.72
oh_avoid_laughing_mouth,54.23,51.22,-3.01,52.72
oh_tongue_examined_ever,54.23,51.22,-3.01,52.72
oh_satisfied_with_smile,54.23,51.22,-3.01,52.72
ins_private,52.91,52.34,-0.57,52.62
wh_weight_age_25_lb,52.11,49.19,-2.92,50.65
oral_hpv_type_72,51.69,48.96,-2.73,50.32
oral_hpv_type_71,51.69,48.96,-2.73,50.32
oral_hpv_type_6,51.69,48.96,-2.73,50.32
oral_hpv_type_81,51.69,48.96,-2.73,50.32
oral_hpv_positive_control,51.69,48.96,-2.73,50.32
oral_hpv_type_84,51.69,48.96,-2.73,50.32
oral_hpv_type_83,51.69,48.96,-2.73,50.32
oral_hpv_type_54,51.69,48.96,-2.73,50.32
oral_hpv_type_53,51.69,48.96,-2.73,50.32
oral_hpv_type_52,51.69,48.96,-2.73,50.32
oral_hpv_type_51,51.69,48.96,-2.73,50.32
oral_hpv_type_45,51.69,48.96,-2.73,50.32
oral_hpv_type_82,51.69,48.96,-2.73,50.32
oral_hpv_type_73,51.69,48.96,-2.73,50.32
oral_hpv_type_39,51.69,48.96,-2.73,50.32
oral_hpv_high_risk_any,51.69,48.96,-2.73,50.32
oral_hpv_type_42,51.69,48.96,-2.73,50.32
oral_hpv_type_40,51.69,48.96,-2.73,50.32
oral_hpv_type_11,51.69,48.96,-2.73,50.32
oral_hpv_type_16,51.69,48.96,-2.73,50.32
oral_hpv_type_18,51.69,48.96,-2.73,50.32
oral_hpv_type_26,51.69,48.96,-2.73,50.32
oral_hpv_type_31,51.69,48.96,-2.73,50.32
oral_hpv_type_33,51.69,48.96,-2.73,50.32
oral_hpv_internal_control,51.69,48.96,-2.73,50.32
oral_hpv_any_type,51.69,48.96,-2.73,50.32
oral_hpv_type_70,51.69,48.96,-2.73,50.32
oral_hpv_type_61,51.69,48.96,-2.73,50.32
oral_hpv_type_69,51.69,48.96,-2.73,50.32
oral_hpv_type_68,51.69,48.96,-2.73,50.32
oral_hpv_type_67,51.69,48.96,-2.73,50.32
oral_hpv_type_66,51.69,48.96,-2.73,50.32
oral_hpv_type_62,51.69,48.96,-2.73,50.32
oral_hpv_type_35,51.69,48.96,-2.73,50.32
oral_hpv_type_58,51.69,48.96,-2.73,50.32
oral_hpv_type_56,51.69,48.96,-2.73,50.32
oral_hpv_type_55,51.69,48.96,-2.73,50.32
oral_hpv_type_59,51.69,48.96,-2.73,50.32
smoke_car_rules_others,50.35,49.07,-1.28,49.71
sea_bass_past30d,49.61,49.73,0.12,49.67
flatfish_past30d,49.61,49.73,0.12,49.67
pike_past30d,49.61,49.73,0.12,49.67
perch_past30d,49.61,49.73,0.12,49.67
mackerel_past30d,49.61,49.73,0.12,49.67
haddock_past30d,49.61,49.73,0.12,49.67
bass_past30d,49.61,49.73,0.12,49.67
cod_past30d,49.61,49.73,0.12,49.67
catfish_past30d,49.61,49.73,0.12,49.67
tuna_past30d,49.61,49.73,0.12,49.67
breaded_fish_past30d,49.61,49.73,0.12,49.67
salmon_past30d,49.61,49.73,0.12,49.67
sardines_past30d,49.61,49.73,0.12,49.67
pollock_past30d,49.61,49.73,0.12,49.67
porgy_past30d,49.61,49.73,0.12,49.67
shark_past30d,49.61,49.73,0.12,49.67
swordfish_past30d,49.61,49.73,0.12,49.67
trout_past30d,49.61,49.73,0.12,49.67
walleye_past30d,49.61,49.73,0.12,49.67
other_fish_past30d,49.61,49.73,0.12,49.67
unknown_fish_past30d,49.61,49.73,0.12,49.67
ethyl_mercury_ugl,48.63,49.63,1.0,49.13
methyl_mercury_ugl,48.63,49.63,1.0,49.13
ethyl_mercury_below_lod,48.63,49.63,1.0,49.13
inorg_mercury_below_lod,48.63,49.63,1.0,49.13
inorg_mercury_nmoll,48.63,49.63,1.0,49.13
methyl_mercury_below_lod,48.63,49.63,1.0,49.13
grip_pain_in_hands_30d,49.59,48.01,-1.58,48.8
grip_seat_adjusted,49.59,48.01,-1.58,48.8
blood_selenium_ugl,48.29,49.19,0.9,48.74
blood_cadmium_nmoll,48.29,49.19,0.9,48.74
blood_total_mercury_below_lod,48.29,49.19,0.9,48.74
blood_total_mercury_nmoll,48.29,49.19,0.9,48.74
blood_cadmium_below_lod,48.29,49.19,0.9,48.74
blood_manganese_nmoll,48.29,49.19,0.9,48.74
blood_lead_ugdl,48.29,49.19,0.9,48.74
cb_structure_claims_influence,49.79,46.38,-3.41,48.08
cb_health_claims_influence,49.79,46.38,-3.41,48.08
cb_nutrition_facts_ingredients,49.79,46.38,-3.41,48.08
vit_b12_serum_pgml,49.33,46.23,-3.1,47.78
hh_ref_spouse_education,45.13,49.79,4.66,47.46
phq9_thoughts_self_harm,48.09,45.94,-2.15,47.02
phq9_trouble_sleeping,48.07,45.92,-2.15,47.0
phq9_tired_little_energy,48.07,45.92,-2.15,47.0
phq9_poor_appetite,48.07,45.92,-2.15,47.0
phq9_feeling_bad_failure,48.09,45.92,-2.17,47.0
phq9_trouble_concentrating,48.09,45.92,-2.17,47.0
phq9_moving_slowly_or_fidgety,48.09,45.92,-2.17,47.0
phq9_depressed_down,48.05,45.92,-2.13,46.98
phq9_little_interest,48.03,45.9,-2.13,46.96
salt_freq_added_at_table,47.23,46.66,-0.57,46.94
cb_nutrition_facts_use_freq,47.71,46.11,-1.6,46.91
cb_nutrition_facts_nutrients,47.71,46.11,-1.6,46.91
alc_12_drinks_in_year,47.79,45.69,-2.1,46.74
smoke_nicotine_replacement_times,47.79,45.65,-2.14,46.72
smoke_any_tobacco_past_5d,47.21,45.24,-1.97,46.22
inc_family_savings_more_20k,47.17,44.49,-2.68,45.83
wh_trying_lose_weight_year,45.57,42.94,-2.63,44.26
smoke_nonsmoker_harm_exposure,44.55,43.85,-0.7,44.2
mc_heart_attack_ever,44.87,41.78,-3.09,43.32
mc_thyroid_problem_ever,44.87,41.78,-3.09,43.32
mc_emphysema_ever,44.87,41.78,-3.09,43.32
mc_stroke_ever,44.87,41.78,-3.09,43.32
mc_chf_ever,44.87,41.78,-3.09,43.32
mc_angina_ever,44.87,41.78,-3.09,43.32
mc_coronary_disease_ever,44.87,41.78,-3.09,43.32
mc_liver_condition_ever,44.87,41.78,-3.09,43.32
mc_gout_ever,44.87,41.78,-3.09,43.32
blood_donation_past_12mo,44.29,42.34,-1.95,43.32
mc_chronic_bronchitis_ever,44.87,41.78,-3.09,43.32
mc_arthritis_ever,44.87,41.78,-3.09,43.32
mc_copd_ever,44.87,41.78,-3.09,43.32
mc_cancer_ever,44.87,41.78,-3.09,43.32
mc_family_diabetes,44.87,41.78,-3.09,43.32
pf_difficulty_working,44.87,41.78,-3.09,43.32
pf_limited_playing_sports,44.87,41.78,-3.09,43.32
pf_difficulty_walking_quarter_mile,44.87,41.78,-3.09,43.32
pf_need_special_equipment,44.87,41.78,-3.09,43.32
pf_limited_type_work,44.87,41.78,-3.09,43.32
db_milk_reg_use_change,44.87,41.78,-3.09,43.32
marital_status,44.87,41.78,-3.09,43.32
education_20_plus,44.87,41.78,-3.09,43.32
lived_or_traveled_outside_us,44.29,42.36,-1.93,43.32
mc_family_heart_attack_before_50,44.87,41.78,-3.09,43.32
sub_h_weight_a,41.06,42.32,1.26,41.69
wh_age_most_weighed,42.49,39.23,-3.26,40.86
wh_most_ever_weighed_lb,41.75,38.34,-3.41,40.04
smoke_100_cigs_lifetime,41.71,38.19,-3.52,39.95
smoke_work_indoor_policy,41.71,38.19,-3.52,39.95
smoke_restaurant_exposure,41.71,38.19,-3.52,39.95
us_military_active_duty_ever,40.16,36.83,-3.33,38.49
diab_prediabetes_told,39.64,36.83,-2.81,38.24
mec_acasi_language,38.06,37.78,-0.28,37.92
wh_weight_year_ago_lb,38.4,35.42,-2.98,36.91
wh_weight_current_lb,38.34,35.32,-3.02,36.83
smoke_cigar_type,37.58,36.06,-1.52,36.82
smoke_cigar_past_5d,37.58,36.06,-1.52,36.82
wh_height_in,38.36,35.13,-3.23,36.75
occ_work_past_week_status,38.22,34.88,-3.34,36.55
occ_industry_code,38.22,34.88,-3.34,36.55
sleep_hours_weekday,38.22,34.84,-3.38,36.53
mc_currently_reducing_sodium,38.2,34.8,-3.4,36.5
sleep_told_sleep_disorder,38.2,34.8,-3.4,36.5
mc_currently_reducing_fat,38.2,34.8,-3.4,36.5
mc_told_control_weight_past_12mo,38.2,34.8,-3.4,36.5
bp_told_high_chol,38.2,34.8,-3.4,36.5
cb_supercenter_shopping_freq,38.2,34.8,-3.4,36.5
mc_told_increase_activity_past_12mo,38.2,34.8,-3.4,36.5
mc_told_reduce_sodium_past_12mo,38.2,34.8,-3.4,36.5
bp_time_since_chol_check_months,38.2,34.8,-3.4,36.5
mc_told_reduce_fat_past_12mo,38.2,34.8,-3.4,36.5
sleep_doctor_ever_sleep_study,38.2,34.8,-3.4,36.5
cb_food_label_influence_buying,38.2,34.8,-3.4,36.5
mc_currently_increasing_activity,38.2,34.8,-3.4,36.5
db_healthy_diet_gen,38.2,34.8,-3.4,36.5
mc_overweight_told_ever,38.2,34.8,-3.4,36.5
mc_psoriasis_ever,38.2,34.8,-3.4,36.5
wh_weight_self_perception,38.2,34.8,-3.4,36.5
wh_trying_change_weight,38.2,34.8,-3.4,36.5
cb_nutrition_facts_portion,38.2,34.8,-3.4,36.5
bp_ever_high_bp,38.2,34.8,-3.4,36.5
bp_checked_cholesterol_ever,38.2,34.8,-3.4,36.5
mc_currently_controlling_weight,38.2,34.8,-3.4,36.5
gen_health_cond,37.12,35.79,-1.33,36.46
diab_risk_told_by_doctor,37.82,35.07,-2.75,36.44
diab_risk_feels_at,37.82,35.07,-2.75,36.44
diab_blood_test_past_3yr,37.82,35.07,-2.75,36.44
calcium_total_mgdl,37.38,34.69,-2.69,36.03
iron_ugdl,37.16,34.59,-2.57,35.88
creatine_kinase_iul,37.08,34.38,-2.7,35.73
globulin_gdl,37.06,34.36,-2.7,35.71
total_protein_gdl,37.06,34.36,-2.7,35.71
triglycerides_serum_mgdl,36.94,34.38,-2.56,35.66
total_bilirubin_mgdl,36.96,34.36,-2.6,35.66
alt_ul,36.92,34.36,-2.56,35.64
ldh_ul,36.92,34.36,-2.56,35.64
uric_acid_mgdl,36.92,34.36,-2.56,35.64
cholesterol_serum_mgdl,36.92,34.36,-2.56,35.64
ast_ul,36.92,34.36,-2.56,35.64
potassium_mmoll,36.92,34.34,-2.58,35.63
alkaline_phosphatase_iul,36.92,34.34,-2.58,35.63
gamma_gt_ul,36.92,34.34,-2.58,35.63
phosphorus_mgdl,36.92,34.34,-2.58,35.63
bicarbonate_mmoll,36.92,34.32,-2.6,35.62
albumin_gdl,36.92,34.32,-2.6,35.62
glucose_serum_mgdl,36.92,34.32,-2.6,35.62
chloride_mmoll,36.92,34.32,-2.6,35.62
osmolality_mmolkg,36.92,34.32,-2.6,35.62
sodium_mmoll,36.92,34.32,-2.6,35.62
bun_mgdl,36.92,34.32,-2.6,35.62
creatinine_mgdl,36.92,34.32,-2.6,35.62
fs_child_food_security_cat,35.78,33.89,-1.89,34.84
fs_hh_child_hungry_12mo,35.76,33.89,-1.87,34.83
fs_hh_child_not_eating_12mo,35.76,33.89,-1.87,34.83
fs_hh_child_small_meals_12mo,35.76,33.89,-1.87,34.83
dis_diff_doing_errands_alone,36.4,33.14,-3.26,34.77
hba1c_pct,36.06,33.41,-2.65,34.74
pa_sedentary_minutes_day,31.28,28.44,-2.84,29.86
pa_moderate_recreation_ever,31.24,28.36,-2.88,29.8
pa_walk_bike_transport_ever,31.2,28.36,-2.84,29.78
pa_vigorous_recreation_ever,31.2,28.36,-2.84,29.78
pa_moderate_work_ever,31.2,28.34,-2.86,29.77
pa_vigorous_work_ever,31.2,28.34,-2.86,29.77
urine_void1_flow_mlmin,30.64,28.85,-1.79,29.74
bp_diastolic_1,29.82,29.22,-0.6,29.52
bp_systolic_1,29.82,29.22,-0.6,29.52
sagittal_abd_diameter_1,28.4,29.7,1.3,29.05
mec_interview_language,28.6,27.71,-0.89,28.16
mec_interview_proxy_used,28.58,27.71,-0.87,28.14
mec_interview_interpreter_used,28.58,27.69,-0.89,28.14
db_fast_food_past_7d,27.12,28.89,1.77,28.01
upper_leg_length_cm,27.66,26.86,-0.8,27.26
bp_systolic_2,28.1,26.3,-1.8,27.2
bp_systolic_3,27.94,26.47,-1.47,27.2
bp_diastolic_3,27.94,26.47,-1.47,27.2
bp_diastolic_2,28.1,26.3,-1.8,27.2
bp_arm_selected,26.9,25.02,-1.88,25.96
bp_enhancement_3,26.9,24.98,-1.92,25.94
bp_enhancement_2,26.9,24.98,-1.92,25.94
bp_enhancement_1,26.88,24.96,-1.92,25.92
bp_cuff_size,26.84,24.94,-1.9,25.89
bp_pulse_60s,26.84,24.81,-2.03,25.82
bp_max_inflation_level,26.82,24.75,-2.07,25.78
bp_pulse_type,26.68,24.67,-2.01,25.68
tissue_transglutaminase_ab,26.18,24.9,-1.28,25.54
cholesterol_total_mgdl,25.76,24.4,-1.36,25.08
hdl_cholesterol_mgdl,25.76,24.4,-1.36,25.08
hepatitis_b_surface_ag,25.48,24.13,-1.35,24.8
hepatitis_d_antibody,25.48,24.13,-1.35,24.8
hepatitis_e_igm,25.46,24.07,-1.39,24.76
hepatitis_e_igg,25.46,24.07,-1.39,24.76
hepatitis_b_core_ab,25.46,24.07,-1.39,24.76
grip_hand2_trial3_kg,24.51,24.85,0.34,24.68
grip_hand2_trial3_effort,24.51,24.85,0.34,24.68
grip_hand2_trial2_kg,24.45,24.75,0.3,24.6
grip_hand2_trial2_effort,24.45,24.75,0.3,24.6
grip_dynamometer_size,24.39,24.71,0.32,24.55
grip_hand2_trial1_kg,24.35,24.65,0.3,24.5
grip_hand2_trial1_effort,24.35,24.65,0.3,24.5
grip_difficulty_grasp_objects,23.79,23.86,0.07,23.82
grip_difficulty_reach_above_head,23.69,23.94,0.25,23.82
grip_hand1_trial3_effort,23.33,23.63,0.3,23.48
grip_hand1_trial3_kg,23.33,23.63,0.3,23.48
grip_hand1_trial2_kg,23.31,23.59,0.28,23.45
grip_hand1_trial2_effort,23.31,23.59,0.28,23.45
grip_hand1_trial1_kg,23.27,23.45,0.18,23.36
grip_hand1_trial1_effort,23.27,23.45,0.18,23.36
grip_preferred_hand,23.21,23.34,0.13,23.28
grip_start_testing_hand,23.21,23.34,0.13,23.28
grip_90deg_arm_possible,23.21,23.34,0.13,23.28
grip_months_since_hand_surgery,23.21,23.34,0.13,23.28
pest_used_home_past_year,23.23,23.26,0.03,23.24
pest_used_in_home_past_7d,23.21,23.26,0.05,23.24
urine_albumin_mgl,21.05,20.69,-0.36,20.87
urine_creatinine_umoll,21.05,20.69,-0.36,20.87
urine_alb_creat_ratio,21.05,20.69,-0.36,20.87
urine_void1_ml,20.99,20.65,-0.34,20.82
hepatitis_b_surface_ab,19.37,18.27,-1.1,18.82
fs_food_stamp_not_enough_bought,22.05,15.58,-6.47,18.82
hepatitis_a_antibody,19.37,18.21,-1.16,18.79
grip_exam_status,19.27,17.79,-1.48,18.53
fish_past30d,17.47,17.21,-0.26,17.34
shellfish_past30d,17.47,17.19,-0.28,17.33
smoke_home_rules_guests,16.85,17.42,0.57,17.14
mc_jaundice_ever,17.49,16.01,-1.48,16.75
stomach_illness_past_30d,16.37,17.03,0.66,16.7
head_cold_past_30d,16.37,17.03,0.66,16.7
flu_pneumonia_ear_past_30d,16.37,17.03,0.66,16.7
lymphocyte_1000ul,16.29,16.26,-0.03,16.27
basophil_pct,16.29,16.26,-0.03,16.27
basophil_1000ul,16.29,16.26,-0.03,16.27
eosinophil_1000ul,16.29,16.26,-0.03,16.27
neutrophil_1000ul,16.29,16.26,-0.03,16.27
monocyte_1000ul,16.29,16.26,-0.03,16.27
lymphocyte_pct,16.29,16.26,-0.03,16.27
monocyte_pct,16.29,16.26,-0.03,16.27
neutrophil_pct,16.29,16.26,-0.03,16.27
eosinophil_pct,16.29,16.26,-0.03,16.27
d1_niacin_mg,16.39,15.93,-0.46,16.16
d1_beta_cryptoxanthin_mcg,16.39,15.93,-0.46,16.16
d1_vit_b6_mg,16.39,15.93,-0.46,16.16
d1_riboflavin_b2_mg,16.39,15.93,-0.46,16.16
d1_thiamin_b1_mg,16.39,15.93,-0.46,16.16
d1_lutein_zeaxanthin_mcg,16.39,15.93,-0.46,16.16
d1_lycopene_mcg,16.39,15.93,-0.46,16.16
d1_carbs_g,16.39,15.93,-0.46,16.16
d1_beta_carotene_mcg,16.39,15.93,-0.46,16.16
d1_sat_fat_g,16.39,15.93,-0.46,16.16
d1_folic_acid_mcg,16.39,15.93,-0.46,16.16
d1_energy_kcal,16.39,15.93,-0.46,16.16
d1_protein_g,16.39,15.93,-0.46,16.16
d1_total_sugars_g,16.39,15.93,-0.46,16.16
d1_fiber_g,16.39,15.93,-0.46,16.16
d1_total_fat_g,16.39,15.93,-0.46,16.16
d1_mono_fat_g,16.39,15.93,-0.46,16.16
d1_alpha_carotene_mcg,16.39,15.93,-0.46,16.16
d1_poly_fat_g,16.39,15.93,-0.46,16.16
d1_cholesterol_mg,16.39,15.93,-0.46,16.16
d1_vit_e_alpha_tocopherol_mg,16.39,15.93,-0.46,16.16
d1_added_alpha_tocopherol_mg,16.39,15.93,-0.46,16.16
d1_retinol_mcg,16.39,15.93,-0.46,16.16
d1_vit_a_rae_mcg,16.39,15.93,-0.46,16.16
d1_total_folate_mcg,16.39,15.93,-0.46,16.16
d1_theobromine_mg,16.39,15.93,-0.46,16.16
d1_food_folate_mcg,16.39,15.93,-0.46,16.16
d1_sfa_c4_g,16.39,15.93,-0.46,16.16
d1_sfa_c8_g,16.39,15.93,-0.46,16.16
d1_sfa_c10_g,16.39,15.93,-0.46,16.16
d1_sfa_c12_g,16.39,15.93,-0.46,16.16
d1_sfa_c14_g,16.39,15.93,-0.46,16.16
d1_folate_dfe_mcg,16.39,15.93,-0.46,16.16
d1_sfa_c18_g,16.39,15.93,-0.46,16.16
d1_mufa_c16_1_g,16.39,15.93,-0.46,16.16
d1_mufa_c18_1_g,16.39,15.93,-0.46,16.16
d1_mufa_c20_1_g,16.39,15.93,-0.46,16.16
d1_mufa_c22_1_g,16.39,15.93,-0.46,16.16
d1_pufa_c18_2_g,16.39,15.93,-0.46,16.16
d1_pufa_c18_3_g,16.39,15.93,-0.46,16.16
d1_pufa_c18_4_g,16.39,15.93,-0.46,16.16
d1_pufa_c20_4_g,16.39,15.93,-0.46,16.16
d1_pufa_c20_5_g,16.39,15.93,-0.46,16.16
d1_pufa_c22_5_g,16.39,15.93,-0.46,16.16
d1_pufa_c22_6_g,16.39,15.93,-0.46,16.16
d1_sfa_c6_g,16.39,15.93,-0.46,16.16
d1_sfa_c16_g,16.39,15.93,-0.46,16.16
d1_moisture_g,16.39,15.93,-0.46,16.16
d1_magnesium_mg,16.39,15.93,-0.46,16.16
d1_total_choline_mg,16.39,15.93,-0.46,16.16
d1_alcohol_g,16.39,15.93,-0.46,16.16
d1_added_vit_b12_mcg,16.39,15.93,-0.46,16.16
d1_vit_c_mg,16.39,15.93,-0.46,16.16
d1_vit_d_mcg,16.39,15.93,-0.46,16.16
d1_vit_k_mcg,16.39,15.93,-0.46,16.16
d1_calcium_mg,16.39,15.93,-0.46,16.16
d1_phosphorus_mg,16.39,15.93,-0.46,16.16
d1_vit_b12_mcg,16.39,15.93,-0.46,16.16
d1_iron_mg,16.39,15.93,-0.46,16.16
d1_copper_mg,16.39,15.93,-0.46,16.16
d1_sodium_mg,16.39,15.93,-0.46,16.16
d1_potassium_mg,16.39,15.93,-0.46,16.16
d1_selenium_mcg,16.39,15.93,-0.46,16.16
d1_caffeine_mg,16.39,15.93,-0.46,16.16
d1_zinc_mg,16.39,15.93,-0.46,16.16
hematocrit_pct,16.13,15.93,-0.2,16.03
rdw_pct,16.13,15.93,-0.2,16.03
mchc_gdl,16.13,15.93,-0.2,16.03
mch_pg,16.13,15.93,-0.2,16.03
mcv_fl,16.13,15.93,-0.2,16.03
rbc_milionul,16.13,15.93,-0.2,16.03
hemoglobin_gdl,16.13,15.93,-0.2,16.03
mpv_fl,16.13,15.93,-0.2,16.03
wbc_1000ul,16.13,15.93,-0.2,16.03
platelets_1000ul,16.13,15.93,-0.2,16.03
mc_family_asthma,16.55,14.98,-1.57,15.76
mc_blood_transfusion_ever,16.55,14.98,-1.57,15.76
hep_told_hepatitis_c,16.55,14.98,-1.57,15.76
hep_told_hepatitis_b,16.55,14.98,-1.57,15.76
mc_celiac_disease_ever,16.55,14.98,-1.57,15.76
mc_on_gluten_free_diet,16.55,14.98,-1.57,15.76
ins_uncovered_past_12mo,16.31,14.62,-1.69,15.46
ins_prescription_coverage,16.31,14.62,-1.69,15.46
d1_helper_respondent,15.43,14.98,-0.45,15.2
d1_main_respondent,15.25,14.68,-0.57,14.96
d1_num_foods_reported,15.19,14.58,-0.61,14.88
num_recall_days,15.19,14.58,-0.61,14.88
waist_circ_cm,14.75,15.0,0.25,14.88
d1_plain_water_g,15.19,14.58,-0.61,14.88
diet_2day_weight,15.19,14.58,-0.61,14.88
d1_tap_water_g,15.19,14.58,-0.61,14.88
infant_breast_fed,15.19,14.58,-0.61,14.88
d1_bottled_water_g,15.19,14.58,-0.61,14.88
d1_days_btw_intake_hhq,14.51,14.37,-0.14,14.44
dis_diff_concentration_remember,14.41,13.03,-1.38,13.72
dis_diff_dressing_bathing,14.41,13.03,-1.38,13.72
dis_diff_walking_climbing_stairs,14.41,13.03,-1.38,13.72
d1_interviewer_id,13.77,13.59,-0.18,13.68
d1_intake_day_of_week,13.77,13.59,-0.18,13.68
d1_tap_water_source,13.77,13.59,-0.18,13.68
d1_salt_added_at_table_yest,13.77,13.59,-0.18,13.68
salt_freq_added_when_cooking,13.77,13.59,-0.18,13.68
d1_food_amount_vs_usual,13.77,13.59,-0.18,13.68
on_any_special_diet,13.77,13.59,-0.18,13.68
salt_type_at_table,13.77,13.59,-0.18,13.68
d1_interview_language,13.67,13.42,-0.25,13.54
tooth_17_count_code,11.01,12.68,1.67,11.84
tooth_09_count_code,11.01,12.68,1.67,11.84
tooth_15_count_code,11.01,12.68,1.67,11.84
tooth_14_count_code,11.01,12.68,1.67,11.84
tooth_13_count_code,11.01,12.68,1.67,11.84
tooth_12_count_code,11.01,12.68,1.67,11.84
tooth_11_count_code,11.01,12.68,1.67,11.84
tooth_10_count_code,11.01,12.68,1.67,11.84
tooth_08_count_code,11.01,12.68,1.67,11.84
tooth_07_count_code,11.01,12.68,1.67,11.84
tooth_06_count_code,11.01,12.68,1.67,11.84
tooth_01_count_code,11.01,12.68,1.67,11.84
tooth_04_count_code,11.01,12.68,1.67,11.84
tooth_03_count_code,11.01,12.68,1.67,11.84
tooth_02_count_code,11.01,12.68,1.67,11.84
tooth_16_count_code,11.01,12.68,1.67,11.84
tooth_05_count_code,11.01,12.68,1.67,11.84
tooth_18_count_code,11.01,12.68,1.67,11.84
tooth_25_count_code,11.01,12.68,1.67,11.84
tooth_31_count_code,11.01,12.68,1.67,11.84
tooth_30_count_code,11.01,12.68,1.67,11.84
tooth_29_count_code,11.01,12.68,1.67,11.84
tooth_28_count_code,11.01,12.68,1.67,11.84
tooth_27_count_code,11.01,12.68,1.67,11.84
tooth_26_count_code,11.01,12.68,1.67,11.84
tooth_32_count_code,11.01,12.68,1.67,11.84
tooth_19_count_code,11.01,12.68,1.67,11.84
tooth_23_count_code,11.01,12.68,1.67,11.84
tooth_20_count_code,11.01,12.68,1.67,11.84
tooth_21_count_code,11.01,12.68,1.67,11.84
tooth_24_count_code,11.01,12.68,1.67,11.84
tooth_22_count_code,11.01,12.68,1.67,11.84
care_routine_place_type,14.01,9.53,-4.48,11.77
care_mental_health_prof_visit,12.01,10.9,-1.11,11.46
bmi,11.33,10.69,-0.64,11.01
standing_height_cm,11.21,10.58,-0.63,10.9
inc_monthly_poverty_index,10.81,10.15,-0.66,10.48
oh_told_gum_disease,11.01,9.78,-1.23,10.4
oh_reason_last_dental_visit,11.01,9.78,-1.23,10.4
consumed_coffee_before_draw,9.79,9.73,-0.06,9.76
chewed_gum_before_draw,9.79,9.73,-0.06,9.76
fasting_minutes_a,9.79,9.73,-0.06,9.76
took_antacids_before_draw,9.79,9.73,-0.06,9.76
took_supplements_before_draw,9.79,9.73,-0.06,9.76
fasting_hours_a,9.79,9.73,-0.06,9.76
consumed_alcohol_before_draw,9.79,9.73,-0.06,9.76
arm_circ_cm,8.26,8.91,0.65,8.59
upper_arm_length_cm,8.22,8.95,0.73,8.59
poverty_income_ratio,7.88,7.56,-0.32,7.72
oh_exam_status,7.32,7.48,0.16,7.4
oh_dentition_status,7.32,7.48,0.16,7.4
hs_questionnaire_source,7.32,7.48,0.16,7.4
blood_draw_session,7.32,7.48,0.16,7.4
pa_computer_hours_day,7.62,6.69,-0.93,7.16
pa_tv_hours_day,7.62,6.69,-0.93,7.16
pa_questionnaire_source,7.22,6.38,-0.84,6.8
imm_hep_a_vaccine_ever,7.04,6.11,-0.93,6.58
px_exam_session_minutes,6.34,6.77,0.43,6.56
bp_pulse_regularity,6.34,6.71,0.37,6.52
db_frozen_meals_past_30d,5.12,4.72,-0.4,4.92
db_ready_to_eat_past_30d,4.98,4.74,-0.24,4.86
db_meals_not_home_past_7d,4.74,4.54,-0.2,4.64
weight_kg,4.18,4.7,0.52,4.44
oh_oral_health_self_rated,4.06,3.94,-0.12,4.0
diab_taking_insulin,4.06,3.94,-0.12,4.0
oh_last_dental_visit,4.06,3.94,-0.12,4.0
diab_doctor_told_diabetes,4.04,3.94,-0.1,3.99
health_compared_year_ago,4.04,3.94,-0.1,3.99
dis_blind_serious_diff_seeing,4.04,3.94,-0.1,3.99
dis_deaf_serious_diff_hearing,4.04,3.94,-0.1,3.99
db_milk_consumption_30d,4.04,3.94,-0.1,3.99
mc_anemia_treatment_past_3mo,4.04,3.94,-0.1,3.99
mc_asthma_ever,4.04,3.94,-0.1,3.99
inc_monthly_poverty_category,3.82,3.44,-0.38,3.63
inc_monthly_family_range,3.82,3.44,-0.38,3.63
bm_exam_status,3.44,3.67,0.23,3.56
exam_period_6mo,3.44,3.67,0.23,3.56
px_exam_status,3.44,3.67,0.23,3.56
diet_day1_weight,3.44,3.67,0.23,3.56
d1_recall_status,3.44,3.67,0.23,3.56
hh_ref_country_of_birth,2.96,2.88,-0.08,2.92
hh_ref_education,2.9,2.88,-0.02,2.89
household_income_range,1.26,1.35,0.09,1.31
cb_money_spent_nonfood_supermarket,1.24,1.35,0.11,1.3
family_income_range,1.18,1.24,0.06,1.21
cb_money_spent_food_other_stores,1.18,1.24,0.06,1.21
hh_ref_marital_status,1.16,1.26,0.1,1.21
cb_money_spent_on_food_supermarket,1.18,1.24,0.06,1.21
inc_social_security,1.18,1.24,0.06,1.21
cb_money_spent_food_restaurants,1.18,1.24,0.06,1.21
cb_money_spent_food_fast_food,1.18,1.24,0.06,1.21
inc_retirement_income,1.18,1.24,0.06,1.21
inc_supplemental_security,1.18,1.24,0.06,1.21
inc_welfare_assistance,1.18,1.24,0.06,1.21
inc_interest_dividends,1.18,1.24,0.06,1.21
inc_other_sources,1.18,1.24,0.06,1.21
inc_self_employment,1.18,1.24,0.06,1.21
inc_disability_pension,1.18,1.24,0.06,1.21
inc_wages_salaries,1.18,1.24,0.06,1.21
fs_hh_food_security_cat,1.14,1.26,0.12,1.2
fs_adult_food_security_cat,1.14,1.26,0.12,1.2
hh_home_owned_or_rented,1.16,1.22,0.06,1.19
family_interview_language,1.16,1.22,0.06,1.19
family_interview_proxy_used,1.16,1.22,0.06,1.19
family_interview_interpreter_used,1.16,1.22,0.06,1.19
hh_num_rooms,1.16,1.22,0.06,1.19
fs_food_stamp_receipt_12mo,1.08,1.2,0.12,1.14
fs_hh_food_balanced_12mo,1.08,1.2,0.12,1.14
fs_hh_food_not_last_12mo,1.08,1.2,0.12,1.14
fs_hh_food_worried_12mo,1.08,1.2,0.12,1.14
smoke_hh_num_smokers,1.08,1.2,0.12,1.14
fs_food_stamp_hh_any_12mo,1.08,1.2,0.12,1.14
smoke_car_exposure_days,0.68,0.7,0.02,0.69
smoke_exposure_any_location,0.68,0.7,0.02,0.69
smoke_car_rules,0.68,0.7,0.02,0.69
smoke_home_rules,0.68,0.7,0.02,0.69
smoke_questionnaire_source_a,0.26,0.39,0.13,0.32
us_citizenship_status,0.04,0.04,0.0,0.04
sp_interview_proxy_used,0.02,0.0,-0.02,0.01
