cluster_id,size,representative,member,is_representative,missing_rate
67,3,sagittal_abd_diameter_1,sagittal_abd_diameter_1,True,0.2906
67,3,sagittal_abd_diameter_1,sagittal_abd_diameter_2,False,0.2906
67,3,sagittal_abd_diameter_1,sagittal_abd_diameter_avg,False,0.2906
296,3,sub_fasting_weight,sub_fasting_weight,True,0.6728
296,3,sub_fasting_weight,sub_fasting_weight_a,False,0.6728
296,3,sub_fasting_weight,sub_fasting_weight_b,False,0.6728
377,3,oral_hpv_high_risk_any,oral_hpv_high_risk_any,True,0.503
377,3,oral_hpv_high_risk_any,oral_hpv_low_risk_any,False,0.503
377,3,oral_hpv_high_risk_any,oral_hpv_type_64,False,0.503
705,3,smoke_questionnaire_source_a,smoke_questionnaire_source_a,True,0.0032
705,3,smoke_questionnaire_source_a,smoke_questionnaire_source_2,False,0.2955
705,3,smoke_questionnaire_source_a,smoke_questionnaire_source_b,False,0.3141
291,2,urine_albumin_mgl,urine_albumin_mgl,True,0.2086
291,2,urine_albumin_mgl,urine_albumin_ugml,False,0.2086
293,2,urine_creatinine_umoll,urine_creatinine_umoll,True,0.2086
293,2,urine_creatinine_umoll,urine_creatinine_mgdl_a,False,0.2086
297,2,apolipoprotein_b_gl,apolipoprotein_b_gl,True,0.6909
297,2,apolipoprotein_b_gl,apolipoprotein_b_mgdl,False,0.6909
299,2,albumin_gdl,albumin_gdl,True,0.356
299,2,albumin_gdl,albumin_gl,False,0.356
304,2,bun_mgdl,bun_mgdl,True,0.356
304,2,bun_mgdl,bun_mmoll,False,0.356
307,2,calcium_total_mgdl,calcium_total_mgdl,True,0.3601
307,2,calcium_total_mgdl,calcium_total_mmoll,False,0.3601
309,2,cholesterol_serum_mgdl,cholesterol_serum_mgdl,True,0.3562
309,2,cholesterol_serum_mgdl,cholesterol_serum_mmoll,False,0.3562
313,2,creatinine_mgdl,creatinine_mgdl,True,0.356
313,2,creatinine_mgdl,creatinine_umoll,False,0.356
315,2,globulin_gdl,globulin_gdl,True,0.3569
315,2,globulin_gdl,globulin_gl,False,0.3569
317,2,glucose_serum_mgdl,glucose_serum_mgdl,True,0.356
317,2,glucose_serum_mgdl,glucose_serum_mmoll,False,0.356
320,2,iron_ugdl,iron_ugdl,True,0.3585
320,2,iron_ugdl,iron_umoll,False,0.3585
326,2,phosphorus_mgdl,phosphorus_mgdl,True,0.3561
326,2,phosphorus_mgdl,phosphorus_mmoll,False,0.3561
328,2,total_bilirubin_mgdl,total_bilirubin_mgdl,True,0.3564
328,2,total_bilirubin_mgdl,total_bilirubin_umoll,False,0.3564
330,2,total_protein_gdl,total_protein_gdl,True,0.3569
330,2,total_protein_gdl,total_protein_gl,False,0.3569
332,2,triglycerides_serum_mgdl,triglycerides_serum_mgdl,True,0.3564
332,2,triglycerides_serum_mgdl,triglycerides_serum_mmoll,False,0.3564
334,2,uric_acid_mgdl,uric_acid_mgdl,True,0.3562
334,2,uric_acid_mgdl,uric_acid_umoll,False,0.3562
361,2,fasting_hours_a,fasting_hours_a,True,0.0976
361,2,fasting_hours_a,fasting_hours_b,False,0.6766
362,2,fasting_minutes_a,fasting_minutes_a,True,0.0976
362,2,fasting_minutes_a,fasting_minutes_b,False,0.6766
365,2,hdl_cholesterol_mgdl,hdl_cholesterol_mgdl,True,0.2507
365,2,hdl_cholesterol_mgdl,hdl_cholesterol_mmoll,False,0.2507
418,2,insulin_pmoll,insulin_pmoll,True,0.696
418,2,insulin_pmoll,insulin_uuml,False,0.696
423,2,triglycerides_mgdl,triglycerides_mgdl,True,0.6908
423,2,triglycerides_mgdl,triglycerides_mmoll,False,0.6908
425,2,ldl_cholesterol_mgdl,ldl_cholesterol_mgdl,True,0.6948
425,2,ldl_cholesterol_mgdl,ldl_cholesterol_mmoll,False,0.6948
427,2,sub_h_weight_a,sub_h_weight_a,True,0.417
427,2,sub_h_weight_a,sub_h_weight_b,False,0.417
428,2,inorg_mercury_nmoll,inorg_mercury_nmoll,True,0.4914
428,2,inorg_mercury_nmoll,inorg_mercury_ugl,False,0.4914
435,2,cholesterol_total_mgdl,cholesterol_total_mgdl,True,0.2507
435,2,cholesterol_total_mgdl,cholesterol_total_mmoll,False,0.2507
439,2,blood_lead_ugdl,blood_lead_ugdl,True,0.4875
439,2,blood_lead_ugdl,blood_lead_umoll,False,0.4875
441,2,blood_cadmium_nmoll,blood_cadmium_nmoll,True,0.4875
441,2,blood_cadmium_nmoll,blood_cadmium_ugl,False,0.4875
444,2,blood_total_mercury_nmoll,blood_total_mercury_nmoll,True,0.4875
444,2,blood_total_mercury_nmoll,blood_total_mercury_ugl,False,0.4875
447,2,blood_selenium_ugl,blood_selenium_ugl,True,0.4875
447,2,blood_selenium_ugl,blood_selenium_umoll,False,0.4875
449,2,blood_manganese_nmoll,blood_manganese_nmoll,True,0.4875
449,2,blood_manganese_nmoll,blood_manganese_ugl,False,0.4875
454,2,vit_b12_serum_pgml,vit_b12_serum_pgml,True,0.4775
454,2,vit_b12_serum_pgml,vit_b12_serum_pmoll,False,0.4775
556,2,ec_birth_weight_lb,ec_birth_weight_lb,True,0.6354
556,2,ec_birth_weight_lb,ec_birth_weight_oz,False,0.6354
0,1,interview_exam_status,interview_exam_status,True,0.0
1,1,gender,gender,True,0.0
2,1,age_years,age_years,True,0.0
3,1,race_ethnicity,race_ethnicity,True,0.0
4,1,race_ethnicity_asian_detail,race_ethnicity_asian_detail,True,0.0
5,1,exam_period_6mo,exam_period_6mo,True,0.0356
6,1,age_months_at_exam,age_months_at_exam,True,0.5859
7,1,us_military_active_duty_ever,us_military_active_duty_ever,True,0.3847
8,1,country_of_birth,country_of_birth,True,0.0
9,1,us_citizenship_status,us_citizenship_status,True,0.0004
10,1,education_20_plus,education_20_plus,True,0.433
11,1,marital_status,marital_status,True,0.433
12,1,sp_interview_language,sp_interview_language,True,0.0
13,1,sp_interview_proxy_used,sp_interview_proxy_used,True,0.0001
14,1,sp_interview_interpreter_used,sp_interview_interpreter_used,True,0.0
15,1,family_interview_language,family_interview_language,True,0.0119
16,1,family_interview_proxy_used,family_interview_proxy_used,True,0.0119
17,1,family_interview_interpreter_used,family_interview_interpreter_used,True,0.0119
18,1,mec_interview_language,mec_interview_language,True,0.2815
19,1,mec_interview_proxy_used,mec_interview_proxy_used,True,0.2814
20,1,mec_interview_interpreter_used,mec_interview_interpreter_used,True,0.2813
21,1,mec_acasi_language,mec_acasi_language,True,0.3792
22,1,household_size,household_size,True,0.0
23,1,family_size,family_size,True,0.0
24,1,num_children_le5_in_hh,num_children_le5_in_hh,True,0.0
25,1,num_children_6_17_in_hh,num_children_6_17_in_hh,True,0.0
26,1,num_adults_ge60_in_hh,num_adults_ge60_in_hh,True,0.0
27,1,hh_ref_gender,hh_ref_gender,True,0.0
28,1,hh_ref_age_years,hh_ref_age_years,True,0.0
29,1,hh_ref_country_of_birth,hh_ref_country_of_birth,True,0.0292
30,1,hh_ref_education,hh_ref_education,True,0.0289
31,1,hh_ref_marital_status,hh_ref_marital_status,True,0.0121
32,1,hh_ref_spouse_education,hh_ref_spouse_education,True,0.475
33,1,interview_weight_2yr,interview_weight_2yr,True,0.0
34,1,mec_weight_2yr,mec_weight_2yr,True,0.0
35,1,pseudo_psu_var,pseudo_psu_var,True,0.0
36,1,pseudo_stratum_var,pseudo_stratum_var,True,0.0
37,1,household_income_range,household_income_range,True,0.0131
38,1,family_income_range,family_income_range,True,0.0121
39,1,poverty_income_ratio,poverty_income_ratio,True,0.0771
40,1,px_exam_status,px_exam_status,True,0.0356
41,1,px_exam_session_minutes,px_exam_session_minutes,True,0.0656
42,1,bp_arm_selected,bp_arm_selected,True,0.2595
43,1,bp_cuff_size,bp_cuff_size,True,0.2588
44,1,bp_pulse_60s,bp_pulse_60s,True,0.2581
45,1,bp_pulse_regularity,bp_pulse_regularity,True,0.0653
46,1,bp_pulse_type,bp_pulse_type,True,0.2566
47,1,bp_max_inflation_level,bp_max_inflation_level,True,0.2577
48,1,bp_systolic_1,bp_systolic_1,True,0.2951
49,1,bp_diastolic_1,bp_diastolic_1,True,0.2951
50,1,bp_enhancement_1,bp_enhancement_1,True,0.2591
51,1,bp_systolic_2,bp_systolic_2,True,0.2718
52,1,bp_diastolic_2,bp_diastolic_2,True,0.2718
53,1,bp_enhancement_2,bp_enhancement_2,True,0.2593
54,1,bp_systolic_3,bp_systolic_3,True,0.2719
55,1,bp_diastolic_3,bp_diastolic_3,True,0.2719
56,1,bp_enhancement_3,bp_enhancement_3,True,0.2593
57,1,bm_exam_status,bm_exam_status,True,0.0356
58,1,weight_kg,weight_kg,True,0.0444
59,1,standing_height_cm,standing_height_cm,True,0.1089
60,1,bmi,bmi,True,0.1101
61,1,bmi_category_child,bmi_category_child,True,0.6538
62,1,upper_leg_length_cm,upper_leg_length_cm,True,0.2725
63,1,upper_arm_length_cm,upper_arm_length_cm,True,0.0859
64,1,arm_circ_cm,arm_circ_cm,True,0.0859
65,1,waist_circ_cm,waist_circ_cm,True,0.1488
69,1,grip_exam_status,grip_exam_status,True,0.1852
70,1,grip_pain_in_hands_30d,grip_pain_in_hands_30d,True,0.4879
71,1,grip_difficulty_grasp_objects,grip_difficulty_grasp_objects,True,0.2382
72,1,grip_difficulty_reach_above_head,grip_difficulty_reach_above_head,True,0.2381
73,1,grip_months_since_hand_surgery,grip_months_since_hand_surgery,True,0.2327
74,1,grip_90deg_arm_possible,grip_90deg_arm_possible,True,0.2327
75,1,grip_seat_adjusted,grip_seat_adjusted,True,0.4879
76,1,grip_preferred_hand,grip_preferred_hand,True,0.2327
77,1,grip_start_testing_hand,grip_start_testing_hand,True,0.2327
78,1,grip_hand1_trial1_kg,grip_hand1_trial1_kg,True,0.2336
79,1,grip_hand1_trial1_effort,grip_hand1_trial1_effort,True,0.2336
80,1,grip_hand2_trial1_kg,grip_hand2_trial1_kg,True,0.245
81,1,grip_hand2_trial1_effort,grip_hand2_trial1_effort,True,0.245
82,1,grip_hand1_trial2_kg,grip_hand1_trial2_kg,True,0.2345
83,1,grip_hand1_trial2_effort,grip_hand1_trial2_effort,True,0.2345
84,1,grip_hand2_trial2_kg,grip_hand2_trial2_kg,True,0.246
85,1,grip_hand2_trial2_effort,grip_hand2_trial2_effort,True,0.246
86,1,grip_hand1_trial3_kg,grip_hand1_trial3_kg,True,0.2348
87,1,grip_hand1_trial3_effort,grip_hand1_trial3_effort,True,0.2348
88,1,grip_hand2_trial3_kg,grip_hand2_trial3_kg,True,0.2468
89,1,grip_hand2_trial3_effort,grip_hand2_trial3_effort,True,0.2468
90,1,grip_dynamometer_size,grip_dynamometer_size,True,0.2455
91,1,oh_exam_status,oh_exam_status,True,0.074
92,1,oh_dentition_status,oh_dentition_status,True,0.074
93,1,oh_implants_present,oh_implants_present,True,0.5755
94,1,tooth_01_count_code,tooth_01_count_code,True,0.1186
95,1,tooth_02_count_code,tooth_02_count_code,True,0.1186
96,1,tooth_03_count_code,tooth_03_count_code,True,0.1186
97,1,tooth_04_count_code,tooth_04_count_code,True,0.1186
98,1,tooth_05_count_code,tooth_05_count_code,True,0.1186
99,1,tooth_06_count_code,tooth_06_count_code,True,0.1186
100,1,tooth_07_count_code,tooth_07_count_code,True,0.1186
101,1,tooth_08_count_code,tooth_08_count_code,True,0.1186
102,1,tooth_09_count_code,tooth_09_count_code,True,0.1186
103,1,tooth_10_count_code,tooth_10_count_code,True,0.1186
104,1,tooth_11_count_code,tooth_11_count_code,True,0.1186
105,1,tooth_12_count_code,tooth_12_count_code,True,0.1186
106,1,tooth_13_count_code,tooth_13_count_code,True,0.1186
107,1,tooth_14_count_code,tooth_14_count_code,True,0.1186
108,1,tooth_15_count_code,tooth_15_count_code,True,0.1186
109,1,tooth_16_count_code,tooth_16_count_code,True,0.1186
110,1,tooth_17_count_code,tooth_17_count_code,True,0.1186
111,1,tooth_18_count_code,tooth_18_count_code,True,0.1186
112,1,tooth_19_count_code,tooth_19_count_code,True,0.1186
113,1,tooth_20_count_code,tooth_20_count_code,True,0.1186
114,1,tooth_21_count_code,tooth_21_count_code,True,0.1186
115,1,tooth_22_count_code,tooth_22_count_code,True,0.1186
116,1,tooth_23_count_code,tooth_23_count_code,True,0.1186
117,1,tooth_24_count_code,tooth_24_count_code,True,0.1186
118,1,tooth_25_count_code,tooth_25_count_code,True,0.1186
119,1,tooth_26_count_code,tooth_26_count_code,True,0.1186
120,1,tooth_27_count_code,tooth_27_count_code,True,0.1186
121,1,tooth_28_count_code,tooth_28_count_code,True,0.1186
122,1,tooth_29_count_code,tooth_29_count_code,True,0.1186
123,1,tooth_30_count_code,tooth_30_count_code,True,0.1186
124,1,tooth_31_count_code,tooth_31_count_code,True,0.1186
125,1,tooth_32_count_code,tooth_32_count_code,True,0.1186
126,1,tooth_02_sealant,tooth_02_sealant,True,0.6792
127,1,tooth_03_sealant,tooth_03_sealant,True,0.6792
128,1,tooth_04_sealant,tooth_04_sealant,True,0.6792
129,1,tooth_05_sealant,tooth_05_sealant,True,0.6792
130,1,tooth_07_sealant,tooth_07_sealant,True,0.6792
131,1,tooth_10_sealant,tooth_10_sealant,True,0.6792
132,1,tooth_12_sealant,tooth_12_sealant,True,0.6792
133,1,tooth_13_sealant,tooth_13_sealant,True,0.6792
134,1,tooth_14_sealant,tooth_14_sealant,True,0.6792
135,1,tooth_15_sealant,tooth_15_sealant,True,0.6792
136,1,tooth_18_sealant,tooth_18_sealant,True,0.6792
137,1,tooth_19_sealant,tooth_19_sealant,True,0.6792
138,1,tooth_20_sealant,tooth_20_sealant,True,0.6792
139,1,tooth_21_sealant,tooth_21_sealant,True,0.6792
140,1,tooth_28_sealant,tooth_28_sealant,True,0.6792
141,1,tooth_29_sealant,tooth_29_sealant,True,0.6792
142,1,tooth_30_sealant,tooth_30_sealant,True,0.6792
143,1,tooth_31_sealant,tooth_31_sealant,True,0.6792
144,1,cs_exam_status,cs_exam_status,True,0.6356
145,1,cs_self_report_smell_problem,cs_self_report_smell_problem,True,0.6504
146,1,cs_self_report_taste_problem,cs_self_report_taste_problem,True,0.6639
147,1,cs_taste_current,cs_taste_current,True,0.6643
148,1,cs_taste_loss_cause,cs_taste_loss_cause,True,0.6647
149,1,cs_taste_duration,cs_taste_duration,True,0.6648
150,1,cs_phantom_taste,cs_phantom_taste,True,0.6648
151,1,cs_quinine_whole_mouth_grade,cs_quinine_whole_mouth_grade,True,0.6921
152,1,cs_quinine_whole_mouth_taste,cs_quinine_whole_mouth_taste,True,0.6921
153,1,cs_nacl_whole_mouth_grade,cs_nacl_whole_mouth_grade,True,0.6925
154,1,cs_nacl_whole_mouth_taste,cs_nacl_whole_mouth_taste,True,0.6838
155,1,cs_quinine_tongue_tip_grade,cs_quinine_tongue_tip_grade,True,0.694
156,1,cs_quinine_tongue_tip_taste,cs_quinine_tongue_tip_taste,True,0.694
157,1,cs_salt_tongue_tip_grade,cs_salt_tongue_tip_grade,True,0.6838
158,1,cs_salt_tongue_tip_taste,cs_salt_tongue_tip_taste,True,0.6838
159,1,cs_nacl_tongue_tip_grade,cs_nacl_tongue_tip_grade,True,0.6837
160,1,cs_nacl_tongue_tip_taste,cs_nacl_tongue_tip_taste,True,0.6837
161,1,cs_smell_chocolate,cs_smell_chocolate,True,0.6534
162,1,cs_smell_strawberry,cs_smell_strawberry,True,0.6536
163,1,cs_smell_smoke,cs_smell_smoke,True,0.6538
164,1,cs_smell_leather,cs_smell_leather,True,0.6541
165,1,cs_smell_soap,cs_smell_soap,True,0.6541
166,1,cs_smell_grape,cs_smell_grape,True,0.6542
167,1,cs_smell_onion,cs_smell_onion,True,0.6542
168,1,cs_smell_natural_gas,cs_smell_natural_gas,True,0.6542
169,1,cs_taste_effort,cs_taste_effort,True,0.6524
170,1,diet_day1_weight,diet_day1_weight,True,0.0356
171,1,diet_2day_weight,diet_2day_weight,True,0.1488
172,1,d1_recall_status,d1_recall_status,True,0.0356
173,1,d1_interviewer_id,d1_interviewer_id,True,0.1368
174,1,infant_breast_fed,infant_breast_fed,True,0.1488
175,1,num_recall_days,num_recall_days,True,0.1488
176,1,d1_days_btw_intake_hhq,d1_days_btw_intake_hhq,True,0.1444
177,1,d1_intake_day_of_week,d1_intake_day_of_week,True,0.1368
178,1,d1_interview_language,d1_interview_language,True,0.1354
179,1,d1_main_respondent,d1_main_respondent,True,0.1496
180,1,d1_helper_respondent,d1_helper_respondent,True,0.152
181,1,salt_type_at_table,salt_type_at_table,True,0.1368
182,1,salt_freq_added_at_table,salt_freq_added_at_table,True,0.4694
183,1,salt_freq_added_when_cooking,salt_freq_added_when_cooking,True,0.1368
184,1,d1_salt_added_at_table_yest,d1_salt_added_at_table_yest,True,0.1368
185,1,on_any_special_diet,on_any_special_diet,True,0.1368
186,1,d1_num_foods_reported,d1_num_foods_reported,True,0.1488
187,1,d1_energy_kcal,d1_energy_kcal,True,0.1616
188,1,d1_protein_g,d1_protein_g,True,0.1616
189,1,d1_carbs_g,d1_carbs_g,True,0.1616
190,1,d1_total_sugars_g,d1_total_sugars_g,True,0.1616
191,1,d1_fiber_g,d1_fiber_g,True,0.1616
192,1,d1_total_fat_g,d1_total_fat_g,True,0.1616
193,1,d1_sat_fat_g,d1_sat_fat_g,True,0.1616
194,1,d1_mono_fat_g,d1_mono_fat_g,True,0.1616
195,1,d1_poly_fat_g,d1_poly_fat_g,True,0.1616
196,1,d1_cholesterol_mg,d1_cholesterol_mg,True,0.1616
197,1,d1_vit_e_alpha_tocopherol_mg,d1_vit_e_alpha_tocopherol_mg,True,0.1616
198,1,d1_added_alpha_tocopherol_mg,d1_added_alpha_tocopherol_mg,True,0.1616
199,1,d1_retinol_mcg,d1_retinol_mcg,True,0.1616
200,1,d1_vit_a_rae_mcg,d1_vit_a_rae_mcg,True,0.1616
201,1,d1_alpha_carotene_mcg,d1_alpha_carotene_mcg,True,0.1616
202,1,d1_beta_carotene_mcg,d1_beta_carotene_mcg,True,0.1616
203,1,d1_beta_cryptoxanthin_mcg,d1_beta_cryptoxanthin_mcg,True,0.1616
204,1,d1_lycopene_mcg,d1_lycopene_mcg,True,0.1616
205,1,d1_lutein_zeaxanthin_mcg,d1_lutein_zeaxanthin_mcg,True,0.1616
206,1,d1_thiamin_b1_mg,d1_thiamin_b1_mg,True,0.1616
207,1,d1_riboflavin_b2_mg,d1_riboflavin_b2_mg,True,0.1616
208,1,d1_niacin_mg,d1_niacin_mg,True,0.1616
209,1,d1_vit_b6_mg,d1_vit_b6_mg,True,0.1616
210,1,d1_total_folate_mcg,d1_total_folate_mcg,True,0.1616
211,1,d1_folic_acid_mcg,d1_folic_acid_mcg,True,0.1616
212,1,d1_food_folate_mcg,d1_food_folate_mcg,True,0.1616
213,1,d1_folate_dfe_mcg,d1_folate_dfe_mcg,True,0.1616
214,1,d1_total_choline_mg,d1_total_choline_mg,True,0.1616
215,1,d1_vit_b12_mcg,d1_vit_b12_mcg,True,0.1616
216,1,d1_added_vit_b12_mcg,d1_added_vit_b12_mcg,True,0.1616
217,1,d1_vit_c_mg,d1_vit_c_mg,True,0.1616
218,1,d1_vit_d_mcg,d1_vit_d_mcg,True,0.1616
219,1,d1_vit_k_mcg,d1_vit_k_mcg,True,0.1616
220,1,d1_calcium_mg,d1_calcium_mg,True,0.1616
221,1,d1_phosphorus_mg,d1_phosphorus_mg,True,0.1616
222,1,d1_magnesium_mg,d1_magnesium_mg,True,0.1616
223,1,d1_iron_mg,d1_iron_mg,True,0.1616
224,1,d1_zinc_mg,d1_zinc_mg,True,0.1616
225,1,d1_copper_mg,d1_copper_mg,True,0.1616
226,1,d1_sodium_mg,d1_sodium_mg,True,0.1616
227,1,d1_potassium_mg,d1_potassium_mg,True,0.1616
228,1,d1_selenium_mcg,d1_selenium_mcg,True,0.1616
229,1,d1_caffeine_mg,d1_caffeine_mg,True,0.1616
230,1,d1_theobromine_mg,d1_theobromine_mg,True,0.1616
231,1,d1_alcohol_g,d1_alcohol_g,True,0.1616
232,1,d1_moisture_g,d1_moisture_g,True,0.1616
233,1,d1_sfa_c4_g,d1_sfa_c4_g,True,0.1616
234,1,d1_sfa_c6_g,d1_sfa_c6_g,True,0.1616
235,1,d1_sfa_c8_g,d1_sfa_c8_g,True,0.1616
236,1,d1_sfa_c10_g,d1_sfa_c10_g,True,0.1616
237,1,d1_sfa_c12_g,d1_sfa_c12_g,True,0.1616
238,1,d1_sfa_c14_g,d1_sfa_c14_g,True,0.1616
239,1,d1_sfa_c16_g,d1_sfa_c16_g,True,0.1616
240,1,d1_sfa_c18_g,d1_sfa_c18_g,True,0.1616
241,1,d1_mufa_c16_1_g,d1_mufa_c16_1_g,True,0.1616
242,1,d1_mufa_c18_1_g,d1_mufa_c18_1_g,True,0.1616
243,1,d1_mufa_c20_1_g,d1_mufa_c20_1_g,True,0.1616
244,1,d1_mufa_c22_1_g,d1_mufa_c22_1_g,True,0.1616
245,1,d1_pufa_c18_2_g,d1_pufa_c18_2_g,True,0.1616
246,1,d1_pufa_c18_3_g,d1_pufa_c18_3_g,True,0.1616
247,1,d1_pufa_c18_4_g,d1_pufa_c18_4_g,True,0.1616
248,1,d1_pufa_c20_4_g,d1_pufa_c20_4_g,True,0.1616
249,1,d1_pufa_c20_5_g,d1_pufa_c20_5_g,True,0.1616
250,1,d1_pufa_c22_5_g,d1_pufa_c22_5_g,True,0.1616
251,1,d1_pufa_c22_6_g,d1_pufa_c22_6_g,True,0.1616
252,1,d1_food_amount_vs_usual,d1_food_amount_vs_usual,True,0.1368
253,1,d1_plain_water_g,d1_plain_water_g,True,0.1488
254,1,d1_tap_water_g,d1_tap_water_g,True,0.1488
255,1,d1_bottled_water_g,d1_bottled_water_g,True,0.1488
256,1,d1_tap_water_source,d1_tap_water_source,True,0.1368
257,1,shellfish_past30d,shellfish_past30d,True,0.1733
258,1,clams_past30d,clams_past30d,True,0.6304
259,1,crabs_past30d,crabs_past30d,True,0.6304
260,1,crayfish_past30d,crayfish_past30d,True,0.6304
261,1,lobsters_past30d,lobsters_past30d,True,0.6304
262,1,mussels_past30d,mussels_past30d,True,0.6304
263,1,oysters_past30d,oysters_past30d,True,0.6304
264,1,scallops_past30d,scallops_past30d,True,0.6304
265,1,shrimp_past30d,shrimp_past30d,True,0.6304
266,1,shrimp_times_past30d,shrimp_times_past30d,True,0.6802
267,1,other_shellfish_past30d,other_shellfish_past30d,True,0.6304
268,1,unknown_shellfish_past30d,unknown_shellfish_past30d,True,0.6304
269,1,fish_past30d,fish_past30d,True,0.1734
270,1,breaded_fish_past30d,breaded_fish_past30d,True,0.4967
271,1,tuna_past30d,tuna_past30d,True,0.4967
272,1,bass_past30d,bass_past30d,True,0.4967
273,1,catfish_past30d,catfish_past30d,True,0.4967
274,1,cod_past30d,cod_past30d,True,0.4967
275,1,flatfish_past30d,flatfish_past30d,True,0.4967
276,1,haddock_past30d,haddock_past30d,True,0.4967
277,1,mackerel_past30d,mackerel_past30d,True,0.4967
278,1,perch_past30d,perch_past30d,True,0.4967
279,1,pike_past30d,pike_past30d,True,0.4967
280,1,pollock_past30d,pollock_past30d,True,0.4967
281,1,porgy_past30d,porgy_past30d,True,0.4967
282,1,salmon_past30d,salmon_past30d,True,0.4967
283,1,sardines_past30d,sardines_past30d,True,0.4967
284,1,sea_bass_past30d,sea_bass_past30d,True,0.4967
285,1,shark_past30d,shark_past30d,True,0.4967
286,1,swordfish_past30d,swordfish_past30d,True,0.4967
287,1,trout_past30d,trout_past30d,True,0.4967
288,1,walleye_past30d,walleye_past30d,True,0.4967
289,1,other_fish_past30d,other_fish_past30d,True,0.4967
290,1,unknown_fish_past30d,unknown_fish_past30d,True,0.4967
295,1,urine_alb_creat_ratio,urine_alb_creat_ratio,True,0.2086
301,1,alkaline_phosphatase_iul,alkaline_phosphatase_iul,True,0.3561
302,1,ast_ul,ast_ul,True,0.3562
303,1,alt_ul,alt_ul,True,0.3562
306,1,bicarbonate_mmoll,bicarbonate_mmoll,True,0.356
311,1,creatine_kinase_iul,creatine_kinase_iul,True,0.3571
312,1,chloride_mmoll,chloride_mmoll,True,0.356
319,1,gamma_gt_ul,gamma_gt_ul,True,0.3561
322,1,potassium_mmoll,potassium_mmoll,True,0.3561
323,1,ldh_ul,ldh_ul,True,0.3562
324,1,sodium_mmoll,sodium_mmoll,True,0.356
325,1,osmolality_mmolkg,osmolality_mmolkg,True,0.356
336,1,wbc_1000ul,wbc_1000ul,True,0.1603
337,1,lymphocyte_pct,lymphocyte_pct,True,0.1628
338,1,monocyte_pct,monocyte_pct,True,0.1628
339,1,neutrophil_pct,neutrophil_pct,True,0.1628
340,1,eosinophil_pct,eosinophil_pct,True,0.1628
341,1,basophil_pct,basophil_pct,True,0.1628
342,1,lymphocyte_1000ul,lymphocyte_1000ul,True,0.1628
343,1,monocyte_1000ul,monocyte_1000ul,True,0.1628
344,1,neutrophil_1000ul,neutrophil_1000ul,True,0.1628
345,1,eosinophil_1000ul,eosinophil_1000ul,True,0.1628
346,1,basophil_1000ul,basophil_1000ul,True,0.1628
347,1,rbc_milionul,rbc_milionul,True,0.1603
348,1,hemoglobin_gdl,hemoglobin_gdl,True,0.1603
349,1,hematocrit_pct,hematocrit_pct,True,0.1603
350,1,mcv_fl,mcv_fl,True,0.1603
351,1,mch_pg,mch_pg,True,0.1603
352,1,mchc_gdl,mchc_gdl,True,0.1603
353,1,rdw_pct,rdw_pct,True,0.1603
354,1,platelets_1000ul,platelets_1000ul,True,0.1603
355,1,mpv_fl,mpv_fl,True,0.1603
356,1,consumed_coffee_before_draw,consumed_coffee_before_draw,True,0.0976
357,1,consumed_alcohol_before_draw,consumed_alcohol_before_draw,True,0.0976
358,1,chewed_gum_before_draw,chewed_gum_before_draw,True,0.0976
359,1,took_antacids_before_draw,took_antacids_before_draw,True,0.0976
360,1,took_supplements_before_draw,took_supplements_before_draw,True,0.0976
363,1,blood_draw_session,blood_draw_session,True,0.074
364,1,water_fluoride_mgl,water_fluoride_mgl,True,0.5971
367,1,hepatitis_a_antibody,hepatitis_a_antibody,True,0.1878
368,1,hepatitis_b_surface_ab,hepatitis_b_surface_ab,True,0.1881
369,1,hepatitis_b_core_ab,hepatitis_b_core_ab,True,0.2476
370,1,hepatitis_b_surface_ag,hepatitis_b_surface_ag,True,0.248
371,1,hepatitis_d_antibody,hepatitis_d_antibody,True,0.248
372,1,hepatitis_e_igg,hepatitis_e_igg,True,0.2476
373,1,hepatitis_e_igm,hepatitis_e_igm,True,0.2476
374,1,hsv1_antibody,hsv1_antibody,True,0.6394
375,1,hba1c_pct,hba1c_pct,True,0.3471
376,1,hiv_combo_ab_ag,hiv_combo_ab_ag,True,0.6155
379,1,oral_hpv_type_6,oral_hpv_type_6,True,0.503
380,1,oral_hpv_type_11,oral_hpv_type_11,True,0.503
381,1,oral_hpv_type_16,oral_hpv_type_16,True,0.503
382,1,oral_hpv_type_18,oral_hpv_type_18,True,0.503
383,1,oral_hpv_type_26,oral_hpv_type_26,True,0.503
384,1,oral_hpv_type_31,oral_hpv_type_31,True,0.503
385,1,oral_hpv_type_33,oral_hpv_type_33,True,0.503
386,1,oral_hpv_type_35,oral_hpv_type_35,True,0.503
387,1,oral_hpv_type_39,oral_hpv_type_39,True,0.503
388,1,oral_hpv_type_40,oral_hpv_type_40,True,0.503
389,1,oral_hpv_type_42,oral_hpv_type_42,True,0.503
390,1,oral_hpv_type_45,oral_hpv_type_45,True,0.503
391,1,oral_hpv_type_51,oral_hpv_type_51,True,0.503
392,1,oral_hpv_type_52,oral_hpv_type_52,True,0.503
393,1,oral_hpv_type_53,oral_hpv_type_53,True,0.503
394,1,oral_hpv_type_54,oral_hpv_type_54,True,0.503
395,1,oral_hpv_type_55,oral_hpv_type_55,True,0.503
396,1,oral_hpv_type_56,oral_hpv_type_56,True,0.503
397,1,oral_hpv_type_58,oral_hpv_type_58,True,0.503
398,1,oral_hpv_type_59,oral_hpv_type_59,True,0.503
399,1,oral_hpv_type_61,oral_hpv_type_61,True,0.503
400,1,oral_hpv_type_62,oral_hpv_type_62,True,0.503
402,1,oral_hpv_type_66,oral_hpv_type_66,True,0.503
403,1,oral_hpv_type_67,oral_hpv_type_67,True,0.503
404,1,oral_hpv_type_68,oral_hpv_type_68,True,0.503
405,1,oral_hpv_type_69,oral_hpv_type_69,True,0.503
406,1,oral_hpv_type_70,oral_hpv_type_70,True,0.503
407,1,oral_hpv_type_71,oral_hpv_type_71,True,0.503
408,1,oral_hpv_type_72,oral_hpv_type_72,True,0.503
409,1,oral_hpv_type_73,oral_hpv_type_73,True,0.503
410,1,oral_hpv_type_81,oral_hpv_type_81,True,0.503
411,1,oral_hpv_type_82,oral_hpv_type_82,True,0.503
412,1,oral_hpv_type_83,oral_hpv_type_83,True,0.503
413,1,oral_hpv_type_84,oral_hpv_type_84,True,0.503
414,1,oral_hpv_positive_control,oral_hpv_positive_control,True,0.503
415,1,oral_hpv_internal_control,oral_hpv_internal_control,True,0.503
416,1,oral_hpv_any_type,oral_hpv_any_type,True,0.503
430,1,inorg_mercury_below_lod,inorg_mercury_below_lod,True,0.4914
431,1,ethyl_mercury_ugl,ethyl_mercury_ugl,True,0.4914
432,1,ethyl_mercury_below_lod,ethyl_mercury_below_lod,True,0.4914
433,1,methyl_mercury_ugl,methyl_mercury_ugl,True,0.4914
434,1,methyl_mercury_below_lod,methyl_mercury_below_lod,True,0.4914
437,1,tissue_transglutaminase_ab,tissue_transglutaminase_ab,True,0.2553
443,1,blood_cadmium_below_lod,blood_cadmium_below_lod,True,0.4875
446,1,blood_total_mercury_below_lod,blood_total_mercury_below_lod,True,0.4875
451,1,urine_trimethylarsine_ugl,urine_trimethylarsine_ugl,True,0.6013
452,1,urine_void1_ml,urine_void1_ml,True,0.2082
453,1,urine_void1_flow_mlmin,urine_void1_flow_mlmin,True,0.2973
456,1,alc_12_drinks_in_year,alc_12_drinks_in_year,True,0.4672
457,1,alc_days_drink_past_year_num,alc_days_drink_past_year_num,True,0.5598
458,1,alc_days_drink_past_year_unit,alc_days_drink_past_year_unit,True,0.6469
459,1,alc_avg_drinks_per_drinking_day,alc_avg_drinks_per_drinking_day,True,0.6466
460,1,alc_days_5plus_past_year_num,alc_days_5plus_past_year_num,True,0.6467
461,1,alc_ever_5plus_per_day_most_days,alc_ever_5plus_per_day_most_days,True,0.56
462,1,bp_ever_high_bp,bp_ever_high_bp,True,0.3647
463,1,bp_checked_cholesterol_ever,bp_checked_cholesterol_ever,True,0.3647
464,1,bp_time_since_chol_check_months,bp_time_since_chol_check_months,True,0.3647
465,1,bp_told_high_chol,bp_told_high_chol,True,0.3647
466,1,bp_chol_ever_high,bp_chol_ever_high,True,0.5649
467,1,bp_chol_told_high_time,bp_chol_told_high_time,True,0.5459
468,1,bp_told_to_take_chol_meds,bp_told_to_take_chol_meds,True,0.5459
469,1,cb_money_spent_on_food_supermarket,cb_money_spent_on_food_supermarket,True,0.0121
470,1,cb_money_spent_nonfood_supermarket,cb_money_spent_nonfood_supermarket,True,0.013
471,1,cb_money_spent_food_other_stores,cb_money_spent_food_other_stores,True,0.0121
472,1,cb_money_spent_food_restaurants,cb_money_spent_food_restaurants,True,0.0121
473,1,cb_money_spent_food_fast_food,cb_money_spent_food_fast_food,True,0.0121
474,1,gen_health_cond,gen_health_cond,True,0.3644
475,1,head_cold_past_30d,head_cold_past_30d,True,0.1671
476,1,stomach_illness_past_30d,stomach_illness_past_30d,True,0.1671
477,1,flu_pneumonia_ear_past_30d,flu_pneumonia_ear_past_30d,True,0.1671
478,1,blood_donation_past_12mo,blood_donation_past_12mo,True,0.433
479,1,lived_or_traveled_outside_us,lived_or_traveled_outside_us,True,0.4331
480,1,hs_questionnaire_source,hs_questionnaire_source,True,0.074
481,1,cs_smell_problem_past_12mo,cs_smell_problem_past_12mo,True,0.6251
482,1,cs_smell_problem_persisting,cs_smell_problem_persisting,True,0.6251
483,1,cs_smell_problem_better_current,cs_smell_problem_better_current,True,0.6251
484,1,cs_smell_problem_cause_cold,cs_smell_problem_cause_cold,True,0.6251
485,1,cs_taste_problem_persisting,cs_taste_problem_persisting,True,0.6251
486,1,cs_taste_phantom_sweet,cs_taste_phantom_sweet,True,0.6251
487,1,cs_taste_phantom_salt,cs_taste_phantom_salt,True,0.6251
488,1,cs_taste_phantom_sour,cs_taste_phantom_sour,True,0.6251
489,1,cs_taste_phantom_bitter,cs_taste_phantom_bitter,True,0.6251
490,1,cs_hit_head_past_12mo,cs_hit_head_past_12mo,True,0.6251
491,1,cs_head_injury_knocked_out,cs_head_injury_knocked_out,True,0.6251
492,1,cs_allergy_hay_fever,cs_allergy_hay_fever,True,0.6251
493,1,cs_reduced_enjoyment_food,cs_reduced_enjoyment_food,True,0.6251
494,1,cs_unable_detect_spoiled_food,cs_unable_detect_spoiled_food,True,0.6251
495,1,cs_inability_smell_smoke,cs_inability_smell_smoke,True,0.6251
496,1,cs_inability_smell_gas_leak,cs_inability_smell_gas_leak,True,0.6251
497,1,cs_problem_during_pregnancy,cs_problem_during_pregnancy,True,0.6251
498,1,cs_problem_started_during_pregnancy,cs_problem_started_during_pregnancy,True,0.6251
499,1,cs_problem_caused_weight_gain,cs_problem_caused_weight_gain,True,0.6251
500,1,audio_hearing_aid_used,audio_hearing_aid_used,True,0.6251
501,1,audio_hearing_difficulty,audio_hearing_difficulty,True,0.6251
502,1,cv_chest_pain_ever,cv_chest_pain_ever,True,0.6251
503,1,cv_shortness_of_breath,cv_shortness_of_breath,True,0.6251
504,1,diab_doctor_told_diabetes,diab_doctor_told_diabetes,True,0.0399
505,1,diab_prediabetes_told,diab_prediabetes_told,True,0.3821
506,1,diab_risk_told_by_doctor,diab_risk_told_by_doctor,True,0.3642
507,1,diab_risk_feels_at,diab_risk_feels_at,True,0.3642
508,1,diab_blood_test_past_3yr,diab_blood_test_past_3yr,True,0.3642
509,1,diab_taking_insulin,diab_taking_insulin,True,0.04
510,1,db_healthy_diet_gen,db_healthy_diet_gen,True,0.3647
511,1,db_milk_consumption_30d,db_milk_consumption_30d,True,0.0399
512,1,db_milk_reg_use_change,db_milk_reg_use_change,True,0.433
513,1,db_milk_age_child_1_5,db_milk_age_child_1_5,True,0.5794
514,1,db_milk_age_5_12,db_milk_age_5_12,True,0.5794
515,1,db_milk_age_12_17,db_milk_age_12_17,True,0.5794
516,1,db_school_attendance,db_school_attendance,True,0.6815
517,1,db_meals_not_home_past_7d,db_meals_not_home_past_7d,True,0.0464
518,1,db_fast_food_past_7d,db_fast_food_past_7d,True,0.2802
519,1,db_ready_to_eat_past_30d,db_ready_to_eat_past_30d,True,0.0486
520,1,db_frozen_meals_past_30d,db_frozen_meals_past_30d,True,0.0491
521,1,cb_food_label_influence_buying,cb_food_label_influence_buying,True,0.3647
522,1,cb_supercenter_shopping_freq,cb_supercenter_shopping_freq,True,0.3647
523,1,cb_nutrition_facts_use_freq,cb_nutrition_facts_use_freq,True,0.469
524,1,cb_nutrition_facts_nutrients,cb_nutrition_facts_nutrients,True,0.469
525,1,cb_nutrition_facts_portion,cb_nutrition_facts_portion,True,0.3647
526,1,cb_nutrition_facts_ingredients,cb_nutrition_facts_ingredients,True,0.4806
527,1,cb_health_claims_influence,cb_health_claims_influence,True,0.4806
528,1,cb_structure_claims_influence,cb_structure_claims_influence,True,0.4806
529,1,skin_reaction_sun_hour,skin_reaction_sun_hour,True,0.6141
530,1,sun_protection_stay_shade,sun_protection_stay_shade,True,0.6141
531,1,sun_protection_wear_long_sleeves,sun_protection_wear_long_sleeves,True,0.6186
532,1,sun_protection_wear_sunscreen,sun_protection_wear_sunscreen,True,0.6186
533,1,sun_burn_severity,sun_burn_severity,True,0.6141
534,1,skin_freckles,skin_freckles,True,0.6787
535,1,dis_deaf_serious_diff_hearing,dis_deaf_serious_diff_hearing,True,0.0399
536,1,dis_blind_serious_diff_seeing,dis_blind_serious_diff_seeing,True,0.0399
537,1,dis_diff_concentration_remember,dis_diff_concentration_remember,True,0.1371
538,1,dis_diff_walking_climbing_stairs,dis_diff_walking_climbing_stairs,True,0.1371
539,1,dis_diff_dressing_bathing,dis_diff_dressing_bathing,True,0.1371
540,1,dis_diff_doing_errands_alone,dis_diff_doing_errands_alone,True,0.3474
541,1,phq9_little_interest,phq9_little_interest,True,0.4695
542,1,phq9_depressed_down,phq9_depressed_down,True,0.4697
543,1,phq9_trouble_sleeping,phq9_trouble_sleeping,True,0.4698
544,1,phq9_tired_little_energy,phq9_tired_little_energy,True,0.4698
545,1,phq9_poor_appetite,phq9_poor_appetite,True,0.4698
546,1,phq9_feeling_bad_failure,phq9_feeling_bad_failure,True,0.4699
547,1,phq9_trouble_concentrating,phq9_trouble_concentrating,True,0.4699
548,1,phq9_moving_slowly_or_fidgety,phq9_moving_slowly_or_fidgety,True,0.4699
549,1,phq9_thoughts_self_harm,phq9_thoughts_self_harm,True,0.47
550,1,phq9_difficulty_doing_work,phq9_difficulty_doing_work,True,0.6389
551,1,drug_marijuana_ever,drug_marijuana_ever,True,0.6363
552,1,drug_cocaine_heroin_meth_ever,drug_cocaine_heroin_meth_ever,True,0.5538
553,1,drug_needle_inject_ever,drug_needle_inject_ever,True,0.5539
554,1,ec_age_mom_at_birth,ec_age_mom_at_birth,True,0.6354
555,1,ec_mom_smoked_in_pregnancy,ec_mom_smoked_in_pregnancy,True,0.6354
558,1,fs_hh_food_worried_12mo,fs_hh_food_worried_12mo,True,0.0114
559,1,fs_hh_food_not_last_12mo,fs_hh_food_not_last_12mo,True,0.0114
560,1,fs_hh_food_balanced_12mo,fs_hh_food_balanced_12mo,True,0.0114
561,1,fs_hh_cut_meals_12mo,fs_hh_cut_meals_12mo,True,0.6729
562,1,fs_hh_ate_less_12mo,fs_hh_ate_less_12mo,True,0.6729
563,1,fs_hh_hungry_not_eat_12mo,fs_hh_hungry_not_eat_12mo,True,0.6729
564,1,fs_hh_weight_loss_food_12mo,fs_hh_weight_loss_food_12mo,True,0.6729
565,1,fs_hh_child_small_meals_12mo,fs_hh_child_small_meals_12mo,True,0.3481
566,1,fs_hh_child_not_eating_12mo,fs_hh_child_not_eating_12mo,True,0.3481
567,1,fs_hh_child_hungry_12mo,fs_hh_child_hungry_12mo,True,0.3481
568,1,fs_hh_food_security_cat,fs_hh_food_security_cat,True,0.012
569,1,fs_adult_food_security_cat,fs_adult_food_security_cat,True,0.012
570,1,fs_child_food_security_cat,fs_child_food_security_cat,True,0.3482
571,1,fs_food_stamp_receipt_12mo,fs_food_stamp_receipt_12mo,True,0.0114
572,1,fs_food_stamp_hh_any_12mo,fs_food_stamp_hh_any_12mo,True,0.0114
573,1,fs_food_stamp_authorized,fs_food_stamp_authorized,True,0.6317
574,1,fs_food_stamp_not_enough_bought,fs_food_stamp_not_enough_bought,True,0.1876
575,1,hep_told_hepatitis_b,hep_told_hepatitis_b,True,0.1575
576,1,hep_told_hepatitis_c,hep_told_hepatitis_c,True,0.1575
577,1,ins_any_coverage,ins_any_coverage,True,0.0
578,1,ins_private,ins_private,True,0.5262
579,1,ins_prescription_coverage,ins_prescription_coverage,True,0.1545
580,1,ins_uncovered_past_12mo,ins_uncovered_past_12mo,True,0.1545
581,1,hh_num_rooms,hh_num_rooms,True,0.0119
582,1,hh_home_owned_or_rented,hh_home_owned_or_rented,True,0.0119
583,1,health_gen_cond_self,health_gen_cond_self,True,0.0
584,1,health_compared_year_ago,health_compared_year_ago,True,0.0399
585,1,care_routine_place,care_routine_place,True,0.0
586,1,care_routine_place_type,care_routine_place_type,True,0.1173
587,1,care_num_visits_year,care_num_visits_year,True,0.0
588,1,care_hospital_overnight_past_year,care_hospital_overnight_past_year,True,0.0
589,1,care_mental_health_prof_visit,care_mental_health_prof_visit,True,0.1145
590,1,imm_hep_a_vaccine_ever,imm_hep_a_vaccine_ever,True,0.0657
591,1,imm_hep_b_vaccine_3doses,imm_hep_b_vaccine_3doses,True,0.0
592,1,imm_hep_b_first_dose_given_site,imm_hep_b_first_dose_given_site,True,0.6965
593,1,inc_wages_salaries,inc_wages_salaries,True,0.0121
594,1,inc_self_employment,inc_self_employment,True,0.0121
595,1,inc_social_security,inc_social_security,True,0.0121
596,1,inc_disability_pension,inc_disability_pension,True,0.0121
597,1,inc_retirement_income,inc_retirement_income,True,0.0121
598,1,inc_supplemental_security,inc_supplemental_security,True,0.0121
599,1,inc_welfare_assistance,inc_welfare_assistance,True,0.0121
600,1,inc_interest_dividends,inc_interest_dividends,True,0.0121
601,1,inc_other_sources,inc_other_sources,True,0.0121
602,1,inc_monthly_family_range,inc_monthly_family_range,True,0.0363
603,1,inc_monthly_poverty_index,inc_monthly_poverty_index,True,0.1048
604,1,inc_monthly_poverty_category,inc_monthly_poverty_category,True,0.0363
605,1,inc_family_savings_more_20k,inc_family_savings_more_20k,True,0.4581
606,1,inc_family_savings_range,inc_family_savings_range,True,0.5274
607,1,mc_asthma_ever,mc_asthma_ever,True,0.0399
608,1,mc_anemia_treatment_past_3mo,mc_anemia_treatment_past_3mo,True,0.0399
609,1,mc_psoriasis_ever,mc_psoriasis_ever,True,0.3647
610,1,mc_overweight_told_ever,mc_overweight_told_ever,True,0.3647
611,1,mc_celiac_disease_ever,mc_celiac_disease_ever,True,0.1575
612,1,mc_on_gluten_free_diet,mc_on_gluten_free_diet,True,0.1575
613,1,mc_blood_transfusion_ever,mc_blood_transfusion_ever,True,0.1575
614,1,mc_arthritis_ever,mc_arthritis_ever,True,0.433
615,1,mc_gout_ever,mc_gout_ever,True,0.433
616,1,mc_chf_ever,mc_chf_ever,True,0.433
617,1,mc_coronary_disease_ever,mc_coronary_disease_ever,True,0.433
618,1,mc_angina_ever,mc_angina_ever,True,0.433
619,1,mc_heart_attack_ever,mc_heart_attack_ever,True,0.433
620,1,mc_stroke_ever,mc_stroke_ever,True,0.433
621,1,mc_emphysema_ever,mc_emphysema_ever,True,0.433
622,1,mc_thyroid_problem_ever,mc_thyroid_problem_ever,True,0.433
623,1,mc_chronic_bronchitis_ever,mc_chronic_bronchitis_ever,True,0.433
624,1,mc_liver_condition_ever,mc_liver_condition_ever,True,0.433
625,1,mc_copd_ever,mc_copd_ever,True,0.433
626,1,mc_jaundice_ever,mc_jaundice_ever,True,0.1674
627,1,mc_cancer_ever,mc_cancer_ever,True,0.433
628,1,mc_family_heart_attack_before_50,mc_family_heart_attack_before_50,True,0.433
629,1,mc_family_asthma,mc_family_asthma,True,0.1575
630,1,mc_family_diabetes,mc_family_diabetes,True,0.433
631,1,mc_told_control_weight_past_12mo,mc_told_control_weight_past_12mo,True,0.3647
632,1,mc_told_increase_activity_past_12mo,mc_told_increase_activity_past_12mo,True,0.3647
633,1,mc_told_reduce_sodium_past_12mo,mc_told_reduce_sodium_past_12mo,True,0.3647
634,1,mc_told_reduce_fat_past_12mo,mc_told_reduce_fat_past_12mo,True,0.3647
635,1,mc_currently_controlling_weight,mc_currently_controlling_weight,True,0.3647
636,1,mc_currently_increasing_activity,mc_currently_increasing_activity,True,0.3647
637,1,mc_currently_reducing_sodium,mc_currently_reducing_sodium,True,0.3647
638,1,mc_currently_reducing_fat,mc_currently_reducing_fat,True,0.3647
639,1,occ_work_past_week_status,occ_work_past_week_status,True,0.3652
640,1,occ_hours_worked_last_week,occ_hours_worked_last_week,True,0.6713
641,1,occ_longest_kind_of_work,occ_longest_kind_of_work,True,0.6616
642,1,occ_longest_job_years,occ_longest_job_years,True,0.6616
643,1,occ_industry_code,occ_industry_code,True,0.3652
644,1,occ_class_worker,occ_class_worker,True,0.6616
645,1,oh_last_dental_visit,oh_last_dental_visit,True,0.04
646,1,oh_reason_last_dental_visit,oh_reason_last_dental_visit,True,0.1039
647,1,oh_told_gum_disease,oh_told_gum_disease,True,0.1039
648,1,oh_floss_days_per_week,oh_floss_days_per_week,True,0.6382
649,1,oh_rinse_days_per_week,oh_rinse_days_per_week,True,0.6382
650,1,oh_gentle_brush_days_per_week,oh_gentle_brush_days_per_week,True,0.6382
651,1,oh_mouth_pain_past_year,oh_mouth_pain_past_year,True,0.527
652,1,oh_avoid_foods_due_mouth,oh_avoid_foods_due_mouth,True,0.527
653,1,oh_tongue_examined_ever,oh_tongue_examined_ever,True,0.527
654,1,oh_oral_cancer_exam_ever,oh_oral_cancer_exam_ever,True,0.527
655,1,oh_oral_health_self_rated,oh_oral_health_self_rated,True,0.04
656,1,oh_worry_teeth_freq,oh_worry_teeth_freq,True,0.6599
657,1,oh_worry_teeth_num,oh_worry_teeth_num,True,0.6686
658,1,oh_teeth_appearance_self,oh_teeth_appearance_self,True,0.6645
659,1,oh_self_rated_dental_appearance,oh_self_rated_dental_appearance,True,0.527
660,1,oh_satisfied_with_smile,oh_satisfied_with_smile,True,0.527
661,1,oh_avoid_laughing_mouth,oh_avoid_laughing_mouth,True,0.527
662,1,oh_avoid_smile_mouth,oh_avoid_smile_mouth,True,0.527
663,1,oh_mouth_problem_embarrass,oh_mouth_problem_embarrass,True,0.527
664,1,oh_mouth_problem_avoid_people,oh_mouth_problem_avoid_people,True,0.527
665,1,oh_mouth_problem_depressed,oh_mouth_problem_depressed,True,0.527
666,1,oh_mouth_problem_anxious,oh_mouth_problem_anxious,True,0.527
667,1,osteo_hip_fracture_ever,osteo_hip_fracture_ever,True,0.6251
668,1,osteo_wrist_fracture_ever,osteo_wrist_fracture_ever,True,0.6251
669,1,osteo_spine_fracture_ever,osteo_spine_fracture_ever,True,0.6251
670,1,osteo_other_bone_fx_after_20,osteo_other_bone_fx_after_20,True,0.6251
671,1,osteo_told_osteoporosis_ever,osteo_told_osteoporosis_ever,True,0.6251
672,1,osteo_prednisone_month_or_more,osteo_prednisone_month_or_more,True,0.6251
673,1,osteo_parent_osteoporosis,osteo_parent_osteoporosis,True,0.6251
674,1,osteo_mother_hip_fracture,osteo_mother_hip_fracture,True,0.6251
675,1,osteo_father_hip_fracture,osteo_father_hip_fracture,True,0.6251
676,1,pf_difficulty_physical_activities,pf_difficulty_physical_activities,True,0.6599
677,1,pf_need_help_eating_dressing,pf_need_help_eating_dressing,True,0.6937
678,1,pf_difficulty_working,pf_difficulty_working,True,0.433
679,1,pf_limited_playing_sports,pf_limited_playing_sports,True,0.433
680,1,pf_difficulty_walking_quarter_mile,pf_difficulty_walking_quarter_mile,True,0.433
681,1,pf_need_special_equipment,pf_need_special_equipment,True,0.433
682,1,pf_physical_health_impairs,pf_physical_health_impairs,True,0.5803
683,1,pf_limited_type_work,pf_limited_type_work,True,0.433
684,1,pa_vigorous_work_ever,pa_vigorous_work_ever,True,0.2975
685,1,pa_moderate_work_ever,pa_moderate_work_ever,True,0.2975
686,1,pa_walk_bike_transport_ever,pa_walk_bike_transport_ever,True,0.2976
687,1,pa_vigorous_recreation_ever,pa_vigorous_recreation_ever,True,0.2976
688,1,pa_moderate_recreation_ever,pa_moderate_recreation_ever,True,0.2978
689,1,pa_moderate_recreation_days_wk,pa_moderate_recreation_days_wk,True,0.6993
690,1,pa_moderate_recreation_minutes_day,pa_moderate_recreation_minutes_day,True,0.6996
691,1,pa_sedentary_minutes_day,pa_sedentary_minutes_day,True,0.2984
692,1,pa_tv_hours_day,pa_tv_hours_day,True,0.0714
693,1,pa_computer_hours_day,pa_computer_hours_day,True,0.0714
694,1,pa_questionnaire_source,pa_questionnaire_source,True,0.0679
695,1,pest_used_in_home_past_7d,pest_used_in_home_past_7d,True,0.2323
696,1,pest_used_home_past_year,pest_used_home_past_year,True,0.2324
697,1,rh_age_first_menses,rh_age_first_menses,True,0.6751
698,1,rh_had_period_12mo,rh_had_period_12mo,True,0.68
699,1,rh_hormone_replacement_ever,rh_hormone_replacement_ever,True,0.6803
700,1,rx_used_alt_med_past_30d,rx_used_alt_med_past_30d,True,0.6251
701,1,sleep_hours_weekday,sleep_hours_weekday,True,0.365
702,1,sleep_told_sleep_disorder,sleep_told_sleep_disorder,True,0.3647
703,1,sleep_doctor_ever_sleep_study,sleep_doctor_ever_sleep_study,True,0.3647
704,1,smoke_100_cigs_lifetime,smoke_100_cigs_lifetime,True,0.3992
706,1,smoke_hh_num_smokers,smoke_hh_num_smokers,True,0.0114
707,1,smoke_work_indoor_policy,smoke_work_indoor_policy,True,0.3992
708,1,smoke_work_exposure_days,smoke_work_exposure_days,True,0.6874
709,1,smoke_car_exposure_days,smoke_car_exposure_days,True,0.0069
710,1,smoke_other_indoor_exposure,smoke_other_indoor_exposure,True,0.5286
711,1,smoke_restaurant_exposure,smoke_restaurant_exposure,True,0.3992
712,1,smoke_home_rules,smoke_home_rules,True,0.0069
713,1,smoke_home_rules_guests,smoke_home_rules_guests,True,0.1714
714,1,smoke_car_rules,smoke_car_rules,True,0.0069
715,1,smoke_car_rules_others,smoke_car_rules_others,True,0.497
716,1,smoke_exposure_any_location,smoke_exposure_any_location,True,0.0069
717,1,smoke_nonsmoker_harm_exposure,smoke_nonsmoker_harm_exposure,True,0.442
719,1,smoke_cigar_past_5d,smoke_cigar_past_5d,True,0.3681
720,1,smoke_cigar_type,smoke_cigar_type,True,0.3681
721,1,smoke_nicotine_replacement_times,smoke_nicotine_replacement_times,True,0.467
722,1,smoke_any_tobacco_past_5d,smoke_any_tobacco_past_5d,True,0.4621
724,1,sx_ever_had_sex,sx_ever_had_sex,True,0.5552
725,1,sx_age_first_sex,sx_age_first_sex,True,0.5781
726,1,sx_ever_genital_herpes,sx_ever_genital_herpes,True,0.658
727,1,sx_ever_genital_warts,sx_ever_genital_warts,True,0.658
728,1,sx_ever_chlamydia_told,sx_ever_chlamydia_told,True,0.658
729,1,sx_ever_trichomoniasis_told,sx_ever_trichomoniasis_told,True,0.658
730,1,wh_height_in,wh_height_in,True,0.3672
731,1,wh_weight_current_lb,wh_weight_current_lb,True,0.3681
732,1,wh_weight_self_perception,wh_weight_self_perception,True,0.3647
733,1,wh_trying_change_weight,wh_trying_change_weight,True,0.3647
734,1,wh_weight_year_ago_lb,wh_weight_year_ago_lb,True,0.3688
735,1,wh_trying_lose_weight_year,wh_trying_lose_weight_year,True,0.4424
736,1,wh_weight_10yr_ago_lb,wh_weight_10yr_ago_lb,True,0.5893
737,1,wh_weight_age_25_lb,wh_weight_age_25_lb,True,0.5062
738,1,wh_most_ever_weighed_lb,wh_most_ever_weighed_lb,True,0.4002
739,1,wh_age_most_weighed,wh_age_most_weighed,True,0.4084
